{
  "type": "FeatureCollection",
  "name": "Subdistrict",
  "crs": {
    "type": "name",
    "properties": { "name": "urn:ogc:def:crs:OGC:1.3:CRS84" }
  },
  "features": [
    {
      "type": "Feature",
      "properties": {
        "OBJECTID": 217379,
        "VILLID": 216172,
        "NAME": "Kolar",
        "SUB_DIST": "Kolar",
        "DISTRICT": "Bhopal",
        "STATE_UT": "Madhya Pradesh"
      },
      "geometry": {
        "type": "MultiPolygon",
        "coordinates": [
          [
            [
              [77.472984052671961, 23.099239232704463],
              [77.47276787903445, 23.099191851922455],
              [77.472542820994477, 23.09909412979033],
              [77.472036442427907, 23.098827615701964],
              [77.471849881666742, 23.098741737641149],
              [77.471728469593245, 23.098709163297315],
              [77.471654437402435, 23.098715086232289],
              [77.471559675838421, 23.098750621144291],
              [77.471417534391776, 23.098821691867613],
              [77.47133165723028, 23.098839459773274],
              [77.471207283689239, 23.098833536838299],
              [77.471121406527743, 23.098812809263791],
              [77.471041452301222, 23.098759504647489],
              [77.470937807234066, 23.098664743982795],
              [77.470798627254908, 23.098537408974323],
              [77.47068905925272, 23.098463376783457],
              [77.470511382894074, 23.098350848213101],
              [77.470381086418058, 23.098214629701431],
              [77.470265596380216, 23.098051758881638],
              [77.469776984820044, 23.097622373074103],
              [77.469383134823886, 23.097213717539091],
              [77.468506596202531, 23.096215765045542],
              [77.467875843195657, 23.095502096344717],
              [77.467553063023502, 23.095051981164033],
              [77.467496798738352, 23.094924646155562],
              [77.467481992300179, 23.09475289183257],
              [77.467479031732012, 23.094607790717021],
              [77.467461263826294, 23.094465648370999],
              [77.467416844511831, 23.094329428960009],
              [77.46738130870051, 23.094249474733545],
              [77.467289509503303, 23.094169520507023],
              [77.467117755180311, 23.094065875439867],
              [77.466818665848791, 23.093956307437679],
              [77.466561034364304, 23.093873391743671],
              [77.4663922415088, 23.093814165991034],
              [77.466267867967815, 23.093787514582175],
              [77.466119803586139, 23.09378159344584],
              [77.465921397854288, 23.093784554014007],
              [77.465758527034438, 23.093775669611489],
              [77.465586772711447, 23.093751979670174],
              [77.46543870922909, 23.093710521823198],
              [77.465335064161934, 23.093636489632331],
              [77.465261031971124, 23.093512115192027],
              [77.465198844750944, 23.093349245271497],
              [77.465142580465795, 23.093156761575358],
              [77.465065587706761, 23.092813252929318],
              [77.464953059136405, 23.092508241562143],
              [77.464887910448738, 23.092389790056814],
              [77.464804994754786, 23.092295029392119],
              [77.464653969804942, 23.092188422857475],
              [77.464526634796414, 23.092117353033473],
              [77.464393376852911, 23.092052204345805],
              [77.464295654720729, 23.091963365716822],
              [77.464144628871566, 23.091759037049997],
              [77.464011371827382, 23.091625780005813],
              [77.463904765292739, 23.091551747814947],
              [77.463792236722384, 23.091489560594823],
              [77.463661940246425, 23.09144810274779],
              [77.463525721734754, 23.09143033484213],
              [77.463492062808484, 23.091432530087218],
              [77.463389502323707, 23.091439219244648],
              [77.463297703126557, 23.091456987150309],
              [77.46313187083922, 23.091507328500484],
              [77.462912736633541, 23.091557670749978],
              [77.462634375775906, 23.091578399223806],
              [77.462335286444386, 23.091542864311805],
              [77.462193144997684, 23.091519173471113],
              [77.462098384333046, 23.091477716523457],
              [77.462039158580353, 23.091409607267622],
              [77.462009545704007, 23.091297077797947],
              [77.462048042083552, 23.091151974883758],
              [77.462107267836188, 23.091036484845972],
              [77.462178338559511, 23.090956531518771],
              [77.462293828597353, 23.090900266334302],
              [77.462462621452858, 23.090852885552295],
              [77.462669911587227, 23.090823273575268],
              [77.462915698101028, 23.0907581248876],
              [77.463197019526888, 23.09066632479113],
              [77.463528683202242, 23.090568602658948],
              [77.463922533198399, 23.090438306182932],
              [77.464417066794226, 23.090337622583263],
              [77.464544401802755, 23.090296164736287],
              [77.464716156125746, 23.090148100354611],
              [77.464822762660447, 23.089997076304087],
              [77.46488494988057, 23.089881586266245],
              [77.46492936829577, 23.089703909008222],
              [77.464941214165776, 23.089570651064719],
              [77.464908639821942, 23.089455161026933],
              [77.464849414069249, 23.089348554492233],
              [77.464425951196745, 23.088942859525389],
              [77.464079481083218, 23.088626002288208],
              [77.463857385410051, 23.088359487300522],
              [77.463667863181399, 23.088128507224894],
              [77.463608637428706, 23.08797748317437],
              [77.463596792458077, 23.087826457325207],
              [77.463623443866879, 23.087613244255863],
              [77.463653056743226, 23.087539212065053],
              [77.463721165999061, 23.087441490832191],
              [77.463851462475077, 23.087275658544854],
              [77.463937339636573, 23.087186819915871],
              [77.463993603921722, 23.087071330777349],
              [77.464005448892408, 23.087006182089681],
              [77.464002487424921, 23.086858117708005],
              [77.463996565389266, 23.086760395575823],
              [77.463981758951093, 23.086603447691004],
              [77.464011371827382, 23.0864346548355],
              [77.464049868206928, 23.08625401610999],
              [77.464064674645101, 23.086085223254486],
              [77.464100210456422, 23.085913468931494],
              [77.464112055427051, 23.085732831105304],
              [77.464100210456422, 23.085602534629345],
              [77.464052829674415, 23.085454471146988],
              [77.463943262571547, 23.085261987450792],
              [77.463756701810382, 23.085007317433792],
              [77.463590869523046, 23.084823718140115],
              [77.463398386726226, 23.084643079414661],
              [77.463220709468203, 23.084539435246768],
              [77.462927543071714, 23.084438751647099],
              [77.462533692176237, 23.084320300141769],
              [77.462187222962029, 23.084237384447761],
              [77.462018430106525, 23.084207771571471],
              [77.461873327192336, 23.084204810103927],
              [77.461760798622038, 23.084234422980273],
              [77.461541663517039, 23.08435583595309],
              [77.461387677099651, 23.084456519552759],
              [77.461186309900313, 23.084628272976488],
              [77.46102343908052, 23.084788182328793],
              [77.460851684757529, 23.085013239469504],
              [77.460753962625347, 23.085187956159302],
              [77.460614782646132, 23.08549000695831],
              [77.46054371192281, 23.085715063199643],
              [77.460457834761314, 23.085972694684187],
              [77.460395647541134, 23.086221442665476],
              [77.460345306190959, 23.086606409158492],
              [77.460321616249644, 23.086781124949027],
              [77.460330499752843, 23.086991375651507],
              [77.460371957599818, 23.087139440033184],
              [77.460478564134462, 23.087305272320521],
              [77.460691776304486, 23.087521445058712],
              [77.46076876906352, 23.087622128658381],
              [77.460816149845471, 23.087710967287364],
              [77.460822071881182, 23.087793882082053],
              [77.460819111313015, 23.087876798675381],
              [77.460777653465982, 23.087953791434359],
              [77.460697698340141, 23.088027823625225],
              [77.460579246834811, 23.088084087910374],
              [77.460445989790628, 23.08810777785169],
              [77.460294963941465, 23.088116662254208],
              [77.460102481144645, 23.08810777785169],
              [77.459877424003992, 23.088045592430205],
              [77.459676056804653, 23.08791529505487],
              [77.459495418079143, 23.087767230673194],
              [77.459302935282267, 23.087559942337521],
              [77.459261477435291, 23.087471102809218],
              [77.459249632464605, 23.087408916488357],
              [77.459273322405977, 23.087302309953714],
              [77.459314780252953, 23.087219394259705],
              [77.4593443931293, 23.087130555630665],
              [77.45936216103496, 23.087020989427174],
              [77.4593443931293, 23.086778163481483],
              [77.459320703187984, 23.086606409158492],
              [77.45924370952963, 23.086440576871155],
              [77.459042342330292, 23.086245132606848],
              [77.458858743036615, 23.086114836130832],
              [77.45871660158997, 23.086049688342484],
              [77.45862776296093, 23.086049688342484],
              [77.458527079361261, 23.086073378283857],
              [77.458379015878961, 23.086085223254486],
              [77.458219106526599, 23.086073378283857],
              [77.458035507232921, 23.086014152531163],
              [77.457911133691937, 23.085943082707161],
              [77.457585392052238, 23.085735792572791],
              [77.457301109158891, 23.085676566820155],
              [77.457052362076922, 23.085676566820155],
              [77.456525254137205, 23.085753560478508],
              [77.455814546903866, 23.085907546895839],
              [77.454908394506845, 23.086114836130832],
              [77.454385513380771, 23.086266639893552],
              [77.454173997332191, 23.086328048300857],
              [77.453800875809804, 23.086375429082864],
              [77.453380373505468, 23.086446499806186],
              [77.452971717071136, 23.086582719217176],
              [77.452563060636805, 23.086778163481483],
              [77.452427230632225, 23.086892787472209],
              [77.451549840352925, 23.086629990281892],
              [77.450289839804327, 23.086279980436814],
              [77.44991003991646, 23.08616999964579],
              [77.448530159739164, 23.085780031123591],
              [77.447069999780695, 23.085479969624942],
              [77.443459919639622, 23.086130040968669],
              [77.441310000356282, 23.086700009697722],
              [77.440719959658452, 23.086739971072859],
              [77.440010040231243, 23.086780019682237],
              [77.438289960013719, 23.086479960881547],
              [77.437259999749244, 23.086410029599222],
              [77.436910079836366, 23.086410029599222],
              [77.436309960436404, 23.086729979604911],
              [77.436060119778745, 23.087519999848155],
              [77.435629920084807, 23.087919959838302],
              [77.433819840213516, 23.088249990344821],
              [77.432360039983905, 23.08794003090776],
              [77.431539959901272, 23.087500020509594],
              [77.431500000324831, 23.087469959770885],
              [77.430719879818639, 23.086770030912248],
              [77.429339999641343, 23.086299959775374],
              [77.426840160445124, 23.085999990007565],
              [77.424620040082857, 23.085449999717753],
              [77.424339959721408, 23.085379980301923],
              [77.418569879796166, 23.084870039520752],
              [77.417629920084778, 23.084710019551835],
              [77.416760159653677, 23.084090008946816],
              [77.413749840083085, 23.08149999023243],
              [77.412030119594419, 23.080799969642953],
              [77.410310040276215, 23.080730040159267],
              [77.407470000140449, 23.082879960341927],
              [77.405240159905532, 23.084000010192369],
              [77.404640039606193, 23.084240040145801],
              [77.404460040298659, 23.084160030161286],
              [77.404370039745572, 23.083029988842952],
              [77.404370039745572, 23.082470008883831],
              [77.404389840119109, 23.082219990160468],
              [77.404449959797887, 23.080809960211525],
              [77.40443016032367, 23.080480019637264],
              [77.40435996014412, 23.078600010282287],
              [77.403840119625897, 23.077340008834369],
              [77.401500119634875, 23.076170009738235],
              [77.397029999834672, 23.075409960301499],
              [77.392289880173905, 23.074970039835534],
              [77.388760079813892, 23.074440030682922],
              [77.384019960153068, 23.072730030066907],
              [77.380850160206762, 23.072409990129017],
              [77.380419959613505, 23.073820020077903],
              [77.37747984022252, 23.075070030057873],
              [77.370789959788851, 23.075849969800345],
              [77.364380159716632, 23.078099970137544],
              [77.361419880223366, 23.079110040096339],
              [77.36100983973239, 23.081670000769975],
              [77.359939919891474, 23.091450029994917],
              [77.359920120417257, 23.091599970362381],
              [77.359449960247503, 23.095970010007989],
              [77.35770000005499, 23.105240010318255],
              [77.356479959982209, 23.114510009729202],
              [77.35674995984283, 23.117370030102848],
              [77.356950120151964, 23.117750009855115],
              [77.359600079580048, 23.122839959496559],
              [77.363480159581741, 23.128800030197283],
              [77.363669879661302, 23.131109971248236],
              [77.376819959973204, 23.130729990596649],
              [77.387590079818381, 23.130520019583287],
              [77.398610040321159, 23.131819979708325],
              [77.402540160400122, 23.128630020559058],
              [77.406580079607068, 23.124699989512976],
              [77.407250040357155, 23.124419999983047],
              [77.410619999713276, 23.122999980364852],
              [77.414860080128676, 23.121129959779864],
              [77.417960039624177, 23.117210010133931],
              [77.418879840132547, 23.115329999879634],
              [77.421679919792496, 23.113709999816706],
              [77.424760079813893, 23.111919990115496],
              [77.427770039655684, 23.108869979865744],
              [77.429300040064845, 23.114240009868638],
              [77.429559960323957, 23.115159991140729],
              [77.431110119936136, 23.116349969575481],
              [77.436230040384089, 23.116359961043429],
              [77.442469919850964, 23.117609971023398],
              [77.441460119688827, 23.119229970187007],
              [77.446550160161792, 23.119669978786533],
              [77.452269840280962, 23.120019989530931],
              [77.452869959680925, 23.119859969562015],
              [77.454669959950763, 23.121739979816255],
              [77.456720159707686, 23.125159981048341],
              [77.457700079894835, 23.126519969121318],
              [77.458286539492235, 23.127387430885278],
              [77.45824118128553, 23.127413618243963],
              [77.458210633114277, 23.127450750351898],
              [77.4581836525536, 23.12750531761634],
              [77.45816408330586, 23.127578349761109],
              [77.458136275368872, 23.127682132424525],
              [77.458117735844894, 23.127751320866821],
              [77.458103317014547, 23.127805132700757],
              [77.458071186935797, 23.127878918477336],
              [77.457984085796966, 23.128009935310331],
              [77.45769837388093, 23.128353594143107],
              [77.457396734971383, 23.128725943147799],
              [77.457180709722024, 23.128886406482536],
              [77.457110693903473, 23.128917083256852],
              [77.457028392446432, 23.128932108230288],
              [77.456956868464772, 23.128937661543887],
              [77.456750483048438, 23.128914221614082],
              [77.456647657263602, 23.128944346204662],
              [77.45653274728852, 23.129004190690921],
              [77.456373146403621, 23.129138575484944],
              [77.45609863644296, 23.12933280476517],
              [77.455679241204052, 23.129520072393461],
              [77.455329087467476, 23.129735230696383],
              [77.455113815849984, 23.12990825576145],
              [77.455022722620583, 23.129986840320498],
              [77.454791119314734, 23.130272767174517],
              [77.454727687432865, 23.130371123328757],
              [77.454672972679589, 23.130467695227992],
              [77.454581529613961, 23.130624463248409],
              [77.454512672122178, 23.130758443347531],
              [77.454321247827409, 23.13138059703698],
              [77.454263645351034, 23.131534072639397],
              [77.454201720732897, 23.131657550455657],
              [77.454108770403479, 23.131789195015415],
              [77.453962686328964, 23.131980758705083],
              [77.453813943858506, 23.1321451448826],
              [77.45360565277872, 23.132375343447393],
              [77.453565835295137, 23.132447069776504],
              [77.45353184721705, 23.132573913755152],
              [77.453504039280062, 23.132677695519305],
              [77.453474722280646, 23.132756355621382],
              [77.453433120542115, 23.132819363922579],
              [77.453360015552335, 23.132861571804142],
              [77.453251282121016, 23.132929115386389],
              [77.45234105399652, 23.133558609342401],
              [77.452274329696593, 23.133623124907331],
              [77.45220856137604, 23.133745573899148],
              [77.45215349678648, 23.133920328360489],
              [77.451990759965668, 23.134589170353991],
              [77.45196604209923, 23.134681420111519],
              [77.451935143192372, 23.13479673388224],
              [77.451949819228844, 23.134957217002011],
              [77.452000319759009, 23.135168497428253],
              [77.45221467047071, 23.135905422597205],
              [77.452476839934263, 23.13678896963529],
              [77.452697879803395, 23.136683040290109],
              [77.453138159998161, 23.136541110184112],
              [77.453384040041499, 23.136425010405958],
              [77.453544960231795, 23.136222959721863],
              [77.453673840275542, 23.135888970399719],
              [77.453795880075859, 23.136036030238643],
              [77.453957159995014, 23.136539039944807],
              [77.454155160132586, 23.136539039944807],
              [77.454384120330928, 23.136585029475555],
              [77.454497880073177, 23.136599969912709],
              [77.454666000235761, 23.13658296013557],
              [77.454871919803338, 23.136503040083312],
              [77.455024919664368, 23.136398010060191],
              [77.455185120397061, 23.136297029684215],
              [77.455238040103552, 23.136246000352685],
              [77.455269000164265, 23.136152040084653],
              [77.455269000164265, 23.136030000284336],
              [77.455338120258091, 23.135967000077017],
              [77.455406160266136, 23.13592100964695],
              [77.455406160266136, 23.135714009993592],
              [77.455460160058408, 23.135614020670573],
              [77.455604879861369, 23.135591971092651],
              [77.455802879998942, 23.135592960346912],
              [77.456054879928843, 23.13560096970906],
              [77.456283840127185, 23.135567040086869],
              [77.456527919727762, 23.135496029618139],
              [77.457107879924763, 23.135265000079755],
              [77.457726000154821, 23.135034959795632],
              [77.457976919998941, 23.134967999873368],
              [77.458313160324167, 23.134898970611061],
              [77.458542119623189, 23.134869000703873],
              [77.458854959588791, 23.134850009720196],
              [77.459052959726364, 23.134813018805801],
              [77.459778000354504, 23.134589999528885],
              [77.460288839558359, 23.134484969505763],
              [77.460738839625833, 23.134431959867129],
              [77.46162408008729, 23.134402980113464],
              [77.462188919982736, 23.134431959867129],
              [77.462417880181079, 23.134467959728624],
              [77.46270804014398, 23.13455598087387],
              [77.462952119744614, 23.134627979697541],
              [77.463485999579291, 23.134811040297336],
              [77.463782999785678, 23.134881959934546],
              [77.464081080077847, 23.134932000011815],
              [77.464531080145264, 23.135036039881413],
              [77.464934999850414, 23.13511497067941],
              [77.465072880309208, 23.13516401880446],
              [77.46517908035031, 23.135222970263897],
              [77.465332080211397, 23.135342039603472],
              [77.465584080141241, 23.135544000355367],
              [77.465652120149286, 23.135627970954147],
              [77.465683080210056, 23.135731019770787],
              [77.465697839883433, 23.135924970261215],
              [77.465714040270825, 23.136091021083814],
              [77.465743920245757, 23.136201991129042],
              [77.465816640325727, 23.136347880050664],
              [77.466041999638605, 23.136703019628726],
              [77.46614099970742, 23.136849990434769],
              [77.46625512007779, 23.136886980449844],
              [77.466431159670321, 23.136881039528419],
              [77.46707195990308, 23.13673803113528],
              [77.467322879747144, 23.136684029544369],
              [77.467421879815959, 23.136641009574987],
              [77.467690080133139, 23.136510959513203],
              [77.468055839805231, 23.136341039807178],
              [77.468474879811936, 23.136195960275415],
              [77.468673960035289, 23.13612702004599],
              [77.468871960172862, 23.135985991060693],
              [77.468933159937421, 23.13594099078415],
              [77.468993999973179, 23.135915969846167],
              [77.469063120067005, 23.135913989539063],
              [77.469230879601469, 23.13594198093773],
              [77.469414120065665, 23.136004980245673],
              [77.469711120272052, 23.136038010545803],
              [77.470337159932058, 23.136066000145831],
              [77.47077203969792, 23.136085979484392],
              [77.471000999896262, 23.136152040084653],
              [77.471146080327401, 23.136251040153411],
              [77.471251919740382, 23.136341039807178],
              [77.471344079565654, 23.136470999936762],
              [77.471450999963736, 23.136661979966448],
              [77.471565120334105, 23.136842970326882],
              [77.471642159857822, 23.136917041188553],
              [77.471755919600071, 23.136971040081505],
              [77.472000000099968, 23.137028010334461],
              [77.472335879797072, 23.137067969910959],
              [77.472632880003459, 23.137100010057452],
              [77.472794159922614, 23.137092989949565],
              [77.472915839994073, 23.137050961033083],
              [77.473091160129002, 23.136960959580676],
              [77.473221120258529, 23.136892020250571],
              [77.473533960224131, 23.136760980035262],
              [77.473815840128964, 23.136661979966448],
              [77.473991160263893, 23.136624989951372],
              [77.474350079692499, 23.136636959927785],
              [77.474631959597332, 23.136643980035728],
              [77.474761919726859, 23.136658020251502],
              [77.474876040097229, 23.136708959650832],
              [77.474982959595991, 23.136794999589597],
              [77.475409919931906, 23.137180020041967],
              [77.475601079826049, 23.137309980171494],
              [77.4757771203179, 23.137391969563794],
              [77.475936960422416, 23.13743003966465],
              [77.476088880197722, 23.137421040148922],
              [77.476227120385374, 23.137382970048066],
              [77.476555079753211, 23.137314029818697],
              [77.476753079890784, 23.137272000002838],
              [77.476959000357624, 23.137253009918538],
              [77.477226119689703, 23.137229971086356],
              [77.477402160181612, 23.137185960064073],
              [77.477820839560138, 23.137083000280313],
              [77.47810416017893, 23.137009020250161],
              [77.478477119823253, 23.136867990365488],
              [77.479049880047967, 23.136598979759185],
              [77.479152480102925, 23.136559020182688],
              [77.479233119612843, 23.136559020182688],
              [77.479485120442007, 23.13661401012854],
              [77.480178840381257, 23.136743970258067],
              [77.480537040352203, 23.136840990019721],
              [77.480742959919723, 23.136929999519907],
              [77.480926919841522, 23.137045020111657],
              [77.481002880178835, 23.137139970533269],
              [77.481041040211892, 23.137244999657071],
              [77.481048959641839, 23.13735803994166],
              [77.481041040211892, 23.137547039664184],
              [77.481025919910337, 23.137696980031649],
              [77.481033119882625, 23.137813980031183],
              [77.481056159614127, 23.137895970322802],
              [77.481110160305718, 23.138013959576597],
              [77.481322920116725, 23.138326980305919],
              [77.481438119673555, 23.138468010190593],
              [77.481605880107338, 23.138573040213657],
              [77.481826919976413, 23.138702010189661],
              [77.482018079870556, 23.138826030297139],
              [77.48218511994736, 23.138990009981001],
              [77.482346040137713, 23.139223019826545],
              [77.482482839611407, 23.139446040002781],
              [77.482559159677521, 23.139536039656548],
              [77.482619999713279, 23.139608040278858],
              [77.482718999782094, 23.139686970177593],
              [77.482895040273945, 23.139768960469212],
              [77.483025000403529, 23.139863999923705],
              [77.483100959841465, 23.13993303098465],
              [77.483170079935292, 23.140032030154146],
              [77.483275920247593, 23.140215000821684],
              [77.483368080072921, 23.140413000059937],
              [77.483481839815113, 23.140758961157189],
              [77.48360387961543, 23.141195010041713],
              [77.483719080071523, 23.141724029940065],
              [77.483795040408836, 23.1420290395086],
              [77.483886839606043, 23.142077999500145],
              [77.483977920244854, 23.142065040269415],
              [77.484076920313669, 23.141972970376344],
              [77.484206880443253, 23.141862989585377],
              [77.484405959767287, 23.141771010523769],
              [77.484527999567604, 23.141774970238714],
              [77.484749040335998, 23.141886030216199],
              [77.48683883994056, 23.143200029657692],
              [77.487928560155012, 23.143871249458641],
              [77.488480080191607, 23.14421099983781],
              [77.491050839924355, 23.145765030132111],
              [77.49344591979343, 23.147224020072542],
              [77.49517103981168, 23.148239039899806],
              [77.499106920048405, 23.150439990313373],
              [77.498997840378081, 23.150571390257483],
              [77.498978040004602, 23.150594970481563],
              [77.498840160445127, 23.150649959528039],
              [77.498557919912116, 23.150676960773183],
              [77.498359919774543, 23.150685960288911],
              [77.498061840381695, 23.150685960288911],
              [77.497925040008624, 23.150655989482402],
              [77.497779959577542, 23.150550960358601],
              [77.497535879976908, 23.150391030321828],
              [77.49743687990815, 23.150372040237528],
              [77.497322040080121, 23.150388960082466],
              [77.497153919917537, 23.150436029699051],
              [77.497002000142231, 23.15052998996714],
              [77.496750000212387, 23.150696039890363],
              [77.496437160246785, 23.150809980396332],
              [77.496009840182012, 23.15095298968879],
              [77.495604840391138, 23.151088979772624],
              [77.495208840115936, 23.151236039611604],
              [77.49504900001142, 23.151247020333756],
              [77.494925880125322, 23.151233970271562],
              [77.494803840325005, 23.151204989618634],
              [77.494719959658482, 23.151157019780669],
              [77.494682160253546, 23.151088979772624],
              [77.494682160253546, 23.150993040096751],
              [77.494766040020806, 23.15058102019799],
              [77.494812120383131, 23.150427030183323],
              [77.494766040020806, 23.150337029630236],
              [77.494682160253546, 23.150214990729296],
              [77.494568039883177, 23.150159999884124],
              [77.494422960351415, 23.150131020130516],
              [77.4943239602826, 23.150124000022629],
              [77.494277879920276, 23.150156041068499],
              [77.494186079823805, 23.150243970482904],
              [77.494095000084258, 23.150286000298706],
              [77.494002840258929, 23.150303010075902],
              [77.493926879921617, 23.150351970067391],
              [77.493827879852802, 23.150480039822014],
              [77.493674879991772, 23.150724029490391],
              [77.493499919585702, 23.150896020335097],
              [77.493263039957412, 23.151014009588948],
              [77.493102840124038, 23.151090960079785],
              [77.493003840055223, 23.151099960494832],
              [77.49291996028802, 23.151077009796211],
              [77.492859120252263, 23.151031019366087],
              [77.49278315991495, 23.150978008828076],
              [77.49259884026435, 23.150880989965742],
              [77.492378160124019, 23.150763989966208],
              [77.492279160055261, 23.150723040236187],
              [77.492188080315714, 23.15070297006605],
              [77.49214199995339, 23.150718989689665],
              [77.492019960153073, 23.150867039682169],
              [77.491959120117372, 23.150986019988864],
              [77.491928160056602, 23.151104010141978],
              [77.491936080385869, 23.151222000295149],
              [77.49199692042157, 23.151330990033216],
              [77.492019960153073, 23.151419010279142],
              [77.492027160125417, 23.151659041131893],
              [77.491982159848874, 23.151809969854298],
              [77.491936080385869, 23.151930030246774],
              [77.491973879790748, 23.152004010276926],
              [77.491965960360858, 23.152087979976329],
              [77.491936080385869, 23.152205970129444],
              [77.491936080385869, 23.152416030175687],
              [77.491936080385869, 23.152523040505969],
              [77.491843919661221, 23.152687021089207],
              [77.491401839923014, 23.153082031210829],
              [77.491287000095042, 23.153156011240981],
              [77.491172879724672, 23.153150969641558],
              [77.491065960225967, 23.153113978727163],
              [77.490970560143296, 23.153034058674905],
              [77.490707039898041, 23.152903021157556],
              [77.490677159923052, 23.152890960349566],
              [77.490565920081224, 23.152831019635926],
              [77.49049752034432, 23.15273094038065],
              [77.490394920289418, 23.152632029344716],
              [77.490264960159834, 23.152534020328801],
              [77.490158039761809, 23.152479029483686],
              [77.490082080323816, 23.152487039745154],
              [77.489975159925734, 23.152530960835236],
              [77.489837999823862, 23.152663980458385],
              [77.489669879661278, 23.152755959519993],
              [77.489578079564751, 23.152815000012311],
              [77.489539920431014, 23.152924980803277],
              [77.48948699982526, 23.152977000288388],
              [77.489399160343055, 23.152989959519061],
              [77.489372159997231, 23.152989959519061],
              [77.489281080257683, 23.15289699030393],
              [77.489242920224626, 23.152795019774373],
              [77.489204039834647, 23.152784040850861],
              [77.489132040111599, 23.152804020189421],
              [77.489052120059341, 23.152868999804525],
              [77.488979759708229, 23.152951979350405],
              [77.488891920225967, 23.153065019634994],
              [77.488784999827942, 23.153176979833802],
              [77.488707960304168, 23.153274990648356],
              [77.488639920296123, 23.153401981216518],
              [77.488639920296123, 23.153522039810355],
              [77.488655039698358, 23.153669010616397],
              [77.488738920364938, 23.153839020254622],
              [77.4888458398637, 23.153958989815578],
              [77.488891920225967, 23.154100019700195],
              [77.488976159722029, 23.154229979829779],
              [77.488990920294782, 23.154306030099235],
              [77.488930080259081, 23.154387030237331],
              [77.488907039628259, 23.154476039737517],
              [77.488899120198312, 23.154588990089849],
              [77.488814879802931, 23.154714989605111],
              [77.488791840071428, 23.154786990227478],
              [77.488791840071428, 23.154956999865703],
              [77.488837920433753, 23.155122959856783],
              [77.4888458398637, 23.155345980033019],
              [77.488868879595202, 23.155441019487512],
              [77.48896787966396, 23.155439040079671],
              [77.489058960302827, 23.155379999587353],
              [77.489159039558103, 23.15535497954869],
              [77.489250120196971, 23.155369019764521],
              [77.489318879662619, 23.155400969978814],
              [77.489364960024943, 23.15547000014044],
              [77.489409960301487, 23.155644959647248],
              [77.489364960024943, 23.155855019693433],
              [77.489264879870348, 23.15597697046087],
              [77.489211960163914, 23.15606103009253],
              [77.489120160067387, 23.156118000345487],
              [77.489075159790843, 23.156144999791934],
              [77.489029080327839, 23.156154989461243],
              [77.488953119990526, 23.156136000276263],
              [77.4888458398637, 23.1561109802376],
              [77.488784999827942, 23.156088029538978],
              [77.488715879734116, 23.156118000345487],
              [77.488625159723426, 23.156201970044947],
              [77.488395839796226, 23.156366040560385],
              [77.488257960236751, 23.156516970182054],
              [77.488158960167937, 23.156623979613016],
              [77.488067880428389, 23.15670201018969],
              [77.487945839728752, 23.156719019966829],
              [77.487823079571513, 23.156691030366801],
              [77.487731999831965, 23.156651970112364],
              [77.487639840006693, 23.156661959781673],
              [77.487503039633623, 23.156672040282501],
              [77.48742708019563, 23.156634960335225],
              [77.487396120134918, 23.156598959574353],
              [77.487334920370358, 23.156569979820745],
              [77.487288840008034, 23.15656701025938],
              [77.487243839731491, 23.156511030159947],
              [77.487212879670722, 23.156453970874111],
              [77.487152039634964, 23.156379990843959],
              [77.487053039566206, 23.156363970321024],
              [77.486969159798946, 23.156384039591785],
              [77.486876999973617, 23.156448029952685],
              [77.48681615993786, 23.156523000136417],
              [77.486777999904803, 23.156565029952219],
              [77.486748119929871, 23.156632980927384],
              [77.486725080198369, 23.156738010950505],
              [77.486671080406097, 23.156867970180713],
              [77.486609879742218, 23.156999999650338],
              [77.486572080337282, 23.15719601948075],
              [77.486587920096497, 23.157468989802112],
              [77.486609879742218, 23.157660960884698],
              [77.486626080129554, 23.157743041108517],
              [77.486801039636305, 23.157890010115921],
              [77.486969159798946, 23.158031040000537],
              [77.487053039566206, 23.158195019684456],
              [77.487060959895416, 23.158247040068886],
              [77.487076080197028, 23.158327950274725],
              [77.487060959895416, 23.158431990144265],
              [77.487045120136258, 23.158529009905919],
              [77.487090839870405, 23.158590029806078],
              [77.487136920232729, 23.158634039929041],
              [77.487128999903462, 23.15869704013636],
              [77.487128999903462, 23.158752030082155],
              [77.487082920440457, 23.158812960050113],
              [77.486991839801647, 23.158861019820279],
              [77.486915880363654, 23.158941030704057],
              [77.486801039636305, 23.159007990626321],
              [77.486709959896814, 23.159062979672797],
              [77.486663880433809, 23.159142989657312],
              [77.486564880364995, 23.159266019611152],
              [77.486411879604589, 23.159401019541463],
              [77.486327999837386, 23.159512978840951],
              [77.486304960105883, 23.159636009694168],
              [77.486298840219376, 23.159688390706719],
              [77.486285880089326, 23.159768940284437],
              [77.48631288043515, 23.159888999777593],
              [77.486351039568888, 23.159958029939162],
              [77.486335920166653, 23.160062970030083],
              [77.486327999837386, 23.160232979668308],
              [77.48634312013894, 23.160342959560012],
              [77.486411879604589, 23.160465000259592],
              [77.486541839734173, 23.160584969820547],
              [77.486717159869102, 23.160684960042943],
              [77.486771159661373, 23.160815999358931],
              [77.486801039636305, 23.160979979942169],
              [77.486870159730131, 23.161041000741648],
              [77.486954040396711, 23.161068000188095],
              [77.487060959895416, 23.161151970786875],
              [77.487068159867761, 23.161260959625622],
              [77.487000119859715, 23.161417019879593],
              [77.486960879740877, 23.161526009617717],
              [77.486969159798946, 23.161618979732168],
              [77.487006960103201, 23.161664970162292],
              [77.487060959895416, 23.161724009755289],
              [77.487060959895416, 23.161796999631861],
              [77.487014880432469, 23.161862970299865],
              [77.486884920302884, 23.161952969953632],
              [77.486678999836045, 23.162023979523099],
              [77.486327999837386, 23.162136030553427],
              [77.486099039639043, 23.162169960175561],
              [77.486075999907541, 23.162175990129867],
              [77.485992120140281, 23.162220000252887],
              [77.485858919753412, 23.162329980144534],
              [77.485808879676085, 23.16248900906055],
              [77.485778999701154, 23.162681970296717],
              [77.485825080063478, 23.162918040535203],
              [77.485908959830681, 23.163137010164917],
              [77.485916159802969, 23.163172019872889],
              [77.485885920099179, 23.163230969533686],
              [77.485847039709199, 23.163334021048286],
              [77.485778999701154, 23.163441029579928],
              [77.485778999701154, 23.163549029164415],
              [77.485839839736855, 23.163661979516803],
              [77.485930920375722, 23.163726960031227],
              [77.486091839666699, 23.163774030547131],
              [77.486275080130895, 23.16402098977693],
              [77.486400719917356, 23.164182539492629],
              [77.486487839941901, 23.164368030060587],
              [77.486572080337282, 23.164541010159553],
              [77.486663880433809, 23.164725961134252],
              [77.486649119861056, 23.164838999620201],
              [77.486587920096497, 23.16507299871995],
              [77.486519159731472, 23.165262000241171],
              [77.486450039637703, 23.165387999756433],
              [77.486378039914655, 23.165475029848778],
              [77.48634312013894, 23.165554050579033],
              [77.486358959898155, 23.165639999686277],
              [77.486420159662714, 23.165688959677823],
              [77.486442839665358, 23.165732969800786],
              [77.486434920235411, 23.165786969593],
              [77.486403960174698, 23.165841959538852],
              [77.486258879743559, 23.166061020000143],
              [77.486190839735514, 23.16617199004537],
              [77.486122080269865, 23.16624102020694],
              [77.486046119932553, 23.166280979783437],
              [77.48597015959524, 23.166280979783437],
              [77.485755959969651, 23.16624102020694],
              [77.485344119935235, 23.166142021037501],
              [77.485222080134974, 23.166126000514566],
              [77.485146119797662, 23.16615902991532],
              [77.48509212000539, 23.16620304003834],
              [77.485046039643066, 23.166306989975681],
              [77.485022999911564, 23.166442980059514],
              [77.484993119936576, 23.166603000927807],
              [77.484970080205073, 23.166722969589443],
              [77.484900960111304, 23.166845009389704],
              [77.484795119799003, 23.166911970211288],
              [77.484764159738234, 23.166982980680075],
              [77.484778920310987, 23.167035990318766],
              [77.484832920103258, 23.167097010218924],
              [77.484894119867818, 23.167146961263313],
              [77.484970080205073, 23.167209959671936],
              [77.485030920240831, 23.167292039895756],
              [77.485038839670779, 23.167350989556553],
              [77.485016159668078, 23.167490040033385],
              [77.485007879610009, 23.16769199988596],
              [77.484954959903519, 23.167811970346179],
              [77.484885839809692, 23.167926990038609],
              [77.484848040404813, 23.168033010215311],
              [77.484848040404813, 23.168093489622891],
              [77.484855959834761, 23.168160539477356],
              [77.484824999773991, 23.168228039892199],
              [77.484801960042489, 23.168302559515553],
              [77.484801960042489, 23.168402010144689],
              [77.484832920103258, 23.168489040237091],
              [77.484878999566206, 23.16855797956714],
              [77.484939839601964, 23.168600010282319],
              [77.485030920240831, 23.168633038783753],
              [77.485092479734192, 23.168619000366618],
              [77.485168080342703, 23.168586960220068],
              [77.48524511986642, 23.168583000505123],
              [77.485348079650237, 23.16860999995157],
              [77.485420080272547, 23.168647979220907],
              [77.485497119796321, 23.168683979981722],
              [77.485557959832022, 23.168680021166097],
              [77.485618440138978, 23.168665980051003],
              [77.485672080202391, 23.168712959735331],
              [77.485679999632339, 23.168801970134837],
              [77.485679999632339, 23.16887900965861],
              [77.485619159596581, 23.168949029973817],
              [77.485542120072864, 23.168988989550257],
              [77.485474080064819, 23.169009959941775],
              [77.485434839945981, 23.169007979634614],
              [77.485373999910223, 23.168973960080223],
              [77.485302000187232, 23.168966039751012],
              [77.48524511986642, 23.168982959595951],
              [77.485214159805707, 23.169014009588921],
              [77.48517599977265, 23.169051990656897],
              [77.485137839739593, 23.169083039750547],
              [77.485100040334657, 23.169085020057707],
              [77.485069080273888, 23.169067021026251],
              [77.485016159668078, 23.169043979496109],
              [77.484984839878507, 23.169041009934688],
              [77.484954959903519, 23.169067021026251],
              [77.484931920172016, 23.169121019919203],
              [77.484923999842749, 23.169196980256459],
              [77.484939839601964, 23.169242969787263],
              [77.484962159875806, 23.169295980325273],
              [77.484977999635021, 23.169357000225432],
              [77.485001040265843, 23.169399030041234],
              [77.485030920240831, 23.169450959594144],
              [77.485046039643066, 23.16950000951789],
              [77.4850618803016, 23.169544018741533],
              [77.485069080273888, 23.169585959524454],
              [77.485106879678824, 23.169609000155276],
              [77.485168080342703, 23.169618990723905],
              [77.485251960109906, 23.169634021093259],
              [77.485290839600623, 23.169661019640387],
              [77.48532899963368, 23.169752011246374],
              [77.485321080203732, 23.169815009654997],
              [77.485290839600623, 23.16987197990801],
              [77.485222080134974, 23.169905010208083],
              [77.485129920309646, 23.169953970199629],
              [77.485046039643066, 23.170087979976358],
              [77.484970080205073, 23.170150980183621],
              [77.484908880440514, 23.170167989960817],
              [77.484871080136315, 23.170169970267978],
              [77.484848040404813, 23.170256009307423],
              [77.484778920310987, 23.170355011174877],
              [77.484718080275229, 23.170382999875585],
              [77.484626999636362, 23.1703990194992],
              [77.48453483981109, 23.170421971097142],
              [77.484475800218036, 23.170478490789776],
              [77.484444119800344, 23.170527001120263],
              [77.484444119800344, 23.170590989682466],
              [77.484467160431166, 23.170663979559038],
              [77.484444119800344, 23.170740029828551],
              [77.484405959767287, 23.170798979489348],
              [77.484305879612691, 23.170834980250163],
              [77.484221999845488, 23.170917959796043],
              [77.484183839812431, 23.170992029758395],
              [77.484200040199767, 23.171061961040721],
              [77.484237839604646, 23.171146019773062],
              [77.484260880235468, 23.171187959656663],
              [77.484237839604646, 23.171225039603939],
              [77.484153959837442, 23.171318009718448],
              [77.484084839743616, 23.171425020048673],
              [77.48404704033868, 23.171488021155312],
              [77.484039120009413, 23.171582969778285],
              [77.484062159740915, 23.171675039671413],
              [77.484076920313669, 23.17173399023153],
              [77.484107880374438, 23.171763960138719],
              [77.484183839812431, 23.171763960138719],
              [77.48424503957699, 23.17173399023153],
              [77.48434800026007, 23.17170195008498],
              [77.484398040337339, 23.171716979555015],
              [77.484458880373097, 23.171766029478704],
              [77.484588839603305, 23.17188798024614],
              [77.484702959973674, 23.171936040016305],
              [77.484801960042489, 23.171941980038412],
              [77.484962159875806, 23.171801040085995],
              [77.485076999703836, 23.171711040432228],
              [77.485106879678824, 23.171637510063078],
              [77.485146119797662, 23.171577030655499],
              [77.48524511986642, 23.17151600985602],
              [77.48532899963368, 23.171508990647453],
              [77.485397039641725, 23.171549040156151],
              [77.485466159735552, 23.171659020047798],
              [77.485519080341362, 23.171760989677978],
              [77.485686839875825, 23.171902019562594],
              [77.485771080271206, 23.17200299993857],
              [77.485817159734211, 23.172091020184496],
              [77.485908959830681, 23.172336990160034],
              [77.485953960107224, 23.172481978860276],
              [77.486007959899496, 23.172543990712654],
              [77.486129999699756, 23.172553979482643],
              [77.48634312013894, 23.172561989744054],
              [77.486465159939257, 23.172585029475556],
              [77.486603040398052, 23.172659009505708],
              [77.486725080198369, 23.172769979550992],
              [77.486847119998629, 23.172865020804124],
              [77.486946120067444, 23.17293396013423],
              [77.487045120136258, 23.17297203023503],
              [77.487090839870405, 23.17303502954303],
              [77.487105960171959, 23.173182000349072],
              [77.487128999903462, 23.173337969771524],
              [77.487113879601907, 23.173477020248356],
              [77.487053039566206, 23.173620029540757],
              [77.486983920371699, 23.173760969493173],
              [77.486930999765889, 23.173874009777762],
              [77.486923080335941, 23.174036010053896],
              [77.486915880363654, 23.174187029607765],
              [77.486960879740877, 23.174253000275769],
              [77.487189839939219, 23.174368019968199],
              [77.487373080403415, 23.17446099008265],
              [77.487549119995947, 23.174503020797829],
              [77.487586920300203, 23.174538028707104],
              [77.487648120064762, 23.174634960335197],
              [77.487701039771252, 23.174733959504692],
              [77.487823079571513, 23.174819999443457],
              [77.487945839728752, 23.174857978712794],
              [77.488075080400677, 23.1750310505426],
              [77.488112879805612, 23.175116999649845],
              [77.488082999830624, 23.175227969695072],
              [77.488007040392631, 23.175339029672557],
              [77.487838920230047, 23.175573028772305],
              [77.487693839798908, 23.175800009562863],
              [77.48762508033326, 23.175909000200249],
              [77.48762508033326, 23.176038960329834],
              [77.487761879806953, 23.17625000963028],
              [77.48783099990078, 23.176448999921433],
              [77.487877080263104, 23.176754009489969],
              [77.487976080331919, 23.176985039927729],
              [77.487999120063421, 23.177087999711489],
              [77.487999120063421, 23.177232990210371],
              [77.488044839797567, 23.17736600983352],
              [77.488059960099122, 23.177464019748754],
              [77.488090920159891, 23.177604959701171],
              [77.488106039562126, 23.177690999639992],
              [77.488098120132179, 23.177805030078105],
              [77.488067880428389, 23.178016980499308],
              [77.488075080400677, 23.178151979530298],
              [77.488112879805612, 23.178293011213555],
              [77.488189920228706, 23.178337020437198],
              [77.488257960236751, 23.178340980152143],
              [77.488308000314021, 23.178307500191011],
              [77.488380000037012, 23.178265019814887],
              [77.488521479582687, 23.178202019607568],
              [77.488620840279623, 23.178189959698955],
              [77.488707960304168, 23.17822595956045],
              [77.488808039559444, 23.178285990206348],
              [77.488913879871689, 23.178349979667871],
              [77.488976159722029, 23.178395970997315],
              [77.488959960234013, 23.17848201003676],
              [77.488899120198312, 23.178603959904876],
              [77.488814879802931, 23.178722039990191],
              [77.488662960027625, 23.17883499034258],
              [77.488503119923109, 23.178904019604886],
              [77.488341840003955, 23.178947039574268],
              [77.488212959960208, 23.179010039781588],
              [77.488166879597884, 23.179051980564509],
              [77.488135920436434, 23.179158989995415],
              [77.488067880428389, 23.179295970232886],
              [77.487953039701097, 23.17939398104744],
              [77.487793199596524, 23.17944402022539],
              [77.487563879669381, 23.179478039779781],
              [77.48735796010186, 23.179519979663382],
              [77.487167159936519, 23.179643999770803],
              [77.486969159798946, 23.179799970092574],
              [77.48690003970512, 23.179896989854228],
              [77.486884920302884, 23.179934970022884],
              [77.48690003970512, 23.180007959899456],
              [77.486960879740877, 23.180106959968271],
              [77.486983920371699, 23.180183010237783],
              [77.486977080128213, 23.180266979937244],
              [77.486930999765889, 23.180312970367311],
              [77.486861879672063, 23.180327999837345],
              [77.486678999836045, 23.180288041160225],
              [77.486465159939257, 23.180222969814281],
              [77.48637408019971, 23.180186969952729],
              [77.486304960105883, 23.180196959622037],
              [77.486213880366336, 23.180259959829357],
              [77.486122080269865, 23.180351039568848],
              [77.486030999630998, 23.180487029652738],
              [77.485976999838726, 23.180598989851546],
              [77.485893120071466, 23.180651010235977],
              [77.485771080271206, 23.180660010651025],
              [77.485573080133577, 23.180654969950979],
              [77.485335839877166, 23.180671978828798],
              [77.485069080273888, 23.180668020912492],
              [77.484894119867818, 23.180678999836005],
              [77.484642119937917, 23.180699970227522],
              [77.484435839742275, 23.180732999628276],
              [77.484275999637703, 23.180748029997631],
              [77.484200040199767, 23.180777009751239],
              [77.48416115980973, 23.180806979658428],
              [77.484153959837442, 23.180857019735697],
              [77.48416115980973, 23.180910030273708],
              [77.484169080138997, 23.181077969672629],
              [77.48413092010594, 23.181290010025975],
              [77.484076920313669, 23.181395040049097],
              [77.483963159672157, 23.181518970224374],
              [77.483878920176096, 23.181609960031665],
              [77.483733839744957, 23.181641010024634],
              [77.483634839676142, 23.181661979516775],
              [77.483597040271263, 23.181750989916281],
              [77.483566080210494, 23.181910019731674],
              [77.483451959840124, 23.182219980068055],
              [77.483391119804367, 23.182350031029159],
              [77.483306880308362, 23.182383959751974],
              [77.483184839608725, 23.182362000106252],
              [77.483046960049251, 23.182278029507529],
              [77.48294111973695, 23.182180019592295],
              [77.482883519958534, 23.18207148041455],
              [77.482887119944678, 23.18194800079965],
              [77.48283743959621, 23.181800940061407],
              [77.482779839817795, 23.181684029994017],
              [77.482712160437927, 23.181643979586056],
              [77.482643040344101, 23.181650010439682],
              [77.482528919973731, 23.181704010231954],
              [77.482414080145759, 23.181716971261267],
              [77.482284840373154, 23.181759000177749],
              [77.482140119670817, 23.181848999831516],
              [77.482018079870556, 23.181911010784575],
              [77.481925920045228, 23.182035029992676],
              [77.481812160303036, 23.182050959684091],
              [77.481719999578388, 23.182028009884789],
              [77.48162783975306, 23.182055999484817],
              [77.481392040210551, 23.182280999968214],
              [77.481200880316408, 23.182525979790171],
              [77.481064079943394, 23.182745041150781],
              [77.481002880178835, 23.182824960303719],
              [77.480911080082365, 23.182856010296689],
              [77.480804159684283, 23.182901010573232],
              [77.480750880248991, 23.182997040181306],
              [77.480727839618169, 23.183085959749292],
              [77.480721000274002, 23.18343498034011],
              [77.480750880248991, 23.18370597035431],
              [77.480721000274002, 23.18380703976311],
              [77.480537040352203, 23.184066960022221],
              [77.48049204007566, 23.184158039761769],
              [77.480498880319146, 23.184267029499836],
              [77.480475839688324, 23.184374940950818],
              [77.480430840311101, 23.184424980128767],
              [77.480255160447371, 23.184461969244524],
              [77.480147880320487, 23.184492029983232],
              [77.480118000345499, 23.184541980128358],
              [77.480124839689665, 23.184610020136347],
              [77.480170920051989, 23.184708029152262],
              [77.480170920051989, 23.184785969796735],
              [77.480133119747734, 23.184855540450883],
              [77.480094959714677, 23.184930960295617],
              [77.480118000345499, 23.185022040035165],
              [77.480110080016232, 23.185106009734625],
              [77.480057160309741, 23.185155959879694],
              [77.479988040215915, 23.185216980679172],
              [77.479964999585093, 23.185271969725648],
              [77.480034119678919, 23.185376999748769],
              [77.480583119815208, 23.185594980124279],
              [77.480674919911678, 23.185698029840239],
              [77.480721000274002, 23.185799010216215],
              [77.480736119676237, 23.185872991145686],
              [77.480713079944735, 23.185961010492292],
              [77.480666999582411, 23.186028959668818],
              [77.480568000412973, 23.186068019923255],
              [77.48037683961951, 23.18607098948462],
              [77.480232119816549, 23.186102039477589],
              [77.480133119747734, 23.186159009730545],
              [77.480079840312442, 23.186288970759449],
              [77.480071919983175, 23.186448989829046],
              [77.480034119678919, 23.186595959735826],
              [77.47988111981789, 23.186801970134866],
              [77.479697880253013, 23.186908979565828],
              [77.479416000348181, 23.187078000849112],
              [77.479194959579786, 23.187278970548107],
              [77.479049520319165, 23.187559050010179],
              [77.479218000210608, 23.187638970062494],
              [77.479790040078342, 23.187846959869375],
              [77.480826839686983, 23.188255020952511],
              [77.481849959707915, 23.18876100111936],
              [77.482871999643123, 23.189316030310579],
              [77.483054880378461, 23.189407020117926],
              [77.483192039581013, 23.189237999733962],
              [77.483269080004106, 23.189119021225906],
              [77.483321999710597, 23.189097960002925],
              [77.483459159812412, 23.189115959933645],
              [77.48384111987184, 23.189311980663433],
              [77.484237839604646, 23.189582969778257],
              [77.484473999775332, 23.189769990092998],
              [77.486649119861056, 23.189507010340321],
              [77.486397119931212, 23.189919030239082],
              [77.486258879743559, 23.190296039530665],
              [77.486155560230998, 23.190412950497318],
              [77.486357160354714, 23.190390359527498],
              [77.488239960305975, 23.190119999938076],
              [77.489510039556762, 23.19062004008282],
              [77.490240119985629, 23.192459999929099],
              [77.491689839714411, 23.194809989589373],
              [77.494039920206205, 23.195480040271718],
              [77.494690079683494, 23.195510009279531],
              [77.498729999789703, 23.195660039579195],
              [77.501980080416445, 23.196500009967508],
              [77.503269960040654, 23.197300019880061],
              [77.504360039983908, 23.194060019754147],
              [77.506009920021825, 23.191329960409405],
              [77.515170120304845, 23.18177996966989],
              [77.515509959716951, 23.180879970434319],
              [77.516079840312443, 23.179380030763866],
              [77.516390160377682, 23.172540030098332],
              [77.516409959851842, 23.172030000284337],
              [77.517309959986733, 23.168449979982654],
              [77.519130120358852, 23.164689959474117],
              [77.521500000324806, 23.158539989728808],
              [77.522709959896815, 23.156360009706759],
              [77.523689880083964, 23.154609959582046],
              [77.526809999681802, 23.151709979631903],
              [77.528459879719719, 23.150349989760286],
              [77.531780159626749, 23.15000996958446],
              [77.537310119666358, 23.150369969998167],
              [77.541369840146046, 23.151400020194842],
              [77.545810079971261, 23.153810039601694],
              [77.546909879787165, 23.153810039601694],
              [77.54948999966382, 23.153470020325244],
              [77.552809919841991, 23.154000029477857],
              [77.556070080070185, 23.155509959716937],
              [77.56143012040377, 23.157999990007568],
              [77.56139015992801, 23.156679959712449],
              [77.561510039556765, 23.155509959716937],
              [77.56171991973855, 23.155119990295361],
              [77.562150120331864, 23.154929999519936],
              [77.563000080389429, 23.155319969840775],
              [77.563739879791683, 23.156009999861681],
              [77.564800079759948, 23.156109990084019],
              [77.565430080034218, 23.155920000207914],
              [77.565970079755459, 23.154550019767669],
              [77.565980160256231, 23.152699980319881],
              [77.566209839912233, 23.149590031155071],
              [77.565060000019059, 23.145489988672068],
              [77.562550080322012, 23.140260001098227],
              [77.562529920219674, 23.140230031191038],
              [77.562320040037889, 23.137790040078357],
              [77.562010079701452, 23.13624996006763],
              [77.560629839795354, 23.136640020320726],
              [77.556059999569356, 23.13711000062608],
              [77.54915016025177, 23.137280010264305],
              [77.546279880412214, 23.137070040150263],
              [77.545540080110641, 23.136389999798723],
              [77.543949960022701, 23.134730040159297],
              [77.543110079566588, 23.134040010138392],
              [77.539500000324836, 23.134120020122907],
              [77.538639959766385, 23.13383003912503],
              [77.5382198396739, 23.13343998067063],
              [77.53793004033912, 23.131590030255722],
              [77.537829960184581, 23.130320040037873],
              [77.537310119666358, 23.128370010367746],
              [77.535399959640472, 23.127200010372235],
              [77.53487004042006, 23.126220000252886],
              [77.534349840173036, 23.124760020158874],
              [77.534340120300385, 23.124549961011951],
              [77.534259839619949, 23.122559969966687],
              [77.534250119747298, 23.122320029945456],
              [77.534679959712435, 23.121160018719934],
              [77.534690040213263, 23.119790040078328],
              [77.533740000001046, 23.118910020181318],
              [77.530439880196354, 23.118319979483545],
              [77.528959919864462, 23.11752996013962],
              [77.524930080259026, 23.116840020050915],
              [77.521420080272549, 23.116239990583153],
              [77.520030119594423, 23.116140000360758],
              [77.518580040136783, 23.116159979699376],
              [77.516769960265492, 23.116179960836575],
              [77.514620040082832, 23.116210020675965],
              [77.514609959582003, 23.117380019772156],
              [77.514819839763845, 23.118059970191496],
              [77.512269959591038, 23.118830010196859],
              [77.51004984012809, 23.116490010205837],
              [77.508669959950737, 23.114729969512553],
              [77.50890000023486, 23.11326999031786],
              [77.510810160260746, 23.112009989769263],
              [77.510880355943755, 23.111730758367855],
              [77.511250079827391, 23.11026002957675],
              [77.51103012004404, 23.109190019803634],
              [77.510419920143249, 23.107159980148992],
              [77.510300039615174, 23.106750029590216],
              [77.508929880209848, 23.105009970034132],
              [77.505630120134015, 23.10499998036488],
              [77.503619879953533, 23.104989990695572],
              [77.503299840015643, 23.104310040276175],
              [77.503299840015643, 23.103440010048473],
              [77.50338983966941, 23.102720010120436],
              [77.503070160359698, 23.102720010120436],
              [77.502880079652016, 23.102710019551807],
              [77.501909880236838, 23.102579969490023],
              [77.501400120219444, 23.10226001948439],
              [77.50122012001259, 23.101790040078356],
              [77.501210040411081, 23.100730019974492],
              [77.501575254194677, 23.099838428500732],
              [77.501385695993122, 23.099742650702808],
              [77.501104373667943, 23.09958570371731],
              [77.500695717233612, 23.099416909962486],
              [77.500284099331793, 23.099257000610123],
              [77.499816217144769, 23.099126704134164],
              [77.499588198536571, 23.09909412979033],
              [77.499289109205108, 23.099091168322786],
              [77.498921910617753, 23.09912374266662],
              [77.498781903262284, 23.099147493761905],
              [77.498590246942399, 23.099180006951826],
              [77.498288196143392, 23.099259961178291],
              [77.497983183876897, 23.099366568612311],
              [77.497565643939367, 23.099562011977298],
              [77.497260631672873, 23.099701191956513],
              [77.496970425844552, 23.099849256338132],
              [77.496544001504503, 23.100100964887645],
              [77.496123500099486, 23.100379325745337],
              [77.49569115282452, 23.10055700210404],
              [77.495386140558026, 23.100628073726682],
              [77.495107780599653, 23.100645841632343],
              [77.494864955553339, 23.100633995762337],
              [77.494595479098166, 23.100592537915361],
              [77.494388188963796, 23.100551080068328],
              [77.494180899728804, 23.100459279971858],
              [77.493899578302944, 23.100263835707494],
              [77.493739668950639, 23.100103926355189],
              [77.493591604568962, 23.099899598587683],
              [77.493449463122261, 23.099612354226792],
              [77.493351740990136, 23.099348799807331],
              [77.493174064631432, 23.099005291161291],
              [77.493052651658616, 23.098803923961952],
              [77.492842400956079, 23.098561099814958],
              [77.492629188786111, 23.098350848213101],
              [77.492353789395906, 23.098167248919481],
              [77.492099119378906, 23.098022146904611],
              [77.491646043630055, 23.097838547610934],
              [77.491388824035084, 23.097750551646698],
              [77.491195928449372, 23.097684561193603],
              [77.490985677746892, 23.097589798730269],
              [77.490778388511899, 23.097456541686086],
              [77.490654014071538, 23.09727886442812],
              [77.4905592534069, 23.09707157519307],
              [77.490526679063066, 23.096932395213912],
              [77.49054148550124, 23.096671802261938],
              [77.49060663418885, 23.096431938683054],
              [77.490698433386058, 23.096215765045542],
              [77.490890917082197, 23.095981823502427],
              [77.491151509134909, 23.095756766361717],
              [77.491521669189751, 23.095433987088882],
              [77.492016203684898, 23.094972026937569],
              [77.492318254483905, 23.094649247664677],
              [77.49268545307126, 23.094362003303843],
              [77.493162218761427, 23.094030339628546],
              [77.493446502554093, 23.093790476049662],
              [77.49356791462759, 23.093624644661645],
              [77.493757436856299, 23.093260406642514],
              [77.493938074682433, 23.092860633711325],
              [77.494012106873299, 23.092685917920846],
              [77.494172016225605, 23.092505280993976],
              [77.494346731116821, 23.092309835830292],
              [77.494551059783646, 23.092081817222152],
              [77.494737620544811, 23.091705734232278],
              [77.494844226180135, 23.09144810274779],
              [77.494867917020827, 23.09122008413965],
              [77.494864955553339, 23.0910127949046],
              [77.494814614203165, 23.090793659799601],
              [77.494725775574125, 23.090607099038436],
              [77.494548098316159, 23.090411654774073],
              [77.494320079707961, 23.09020436463976],
              [77.494151286852457, 23.090121448945752],
              [77.493967687558779, 23.090077029631288],
              [77.49377520386264, 23.090082953465583],
              [77.493547185254442, 23.090127371880783],
              [77.493251057390466, 23.090245823386113],
              [77.492866090897451, 23.090488647533107],
              [77.492590692406566, 23.090657441287931],
              [77.492075429437591, 23.091042407780947],
              [77.491767455703553, 23.091282271359773],
              [77.49160458578308, 23.091456987150309],
              [77.491355837801734, 23.091761998517484],
              [77.491083399879074, 23.09210254569598],
              [77.490879072111568, 23.092315757866004],
              [77.490568136910042, 23.092546737941632],
              [77.49014171257005, 23.092780679484804],
              [77.489872236114877, 23.092922820931506],
              [77.489697520324341, 23.093041271537516],
              [77.48957018531587, 23.093198219422334],
              [77.489401392460366, 23.093571340944663],
              [77.489223716101662, 23.093985921213346],
              [77.489141687139181, 23.094201097502719],
              [77.489019387434837, 23.094521913555525],
              [77.488883168923167, 23.095040136193404],
              [77.488729181606516, 23.095419180650708],
              [77.488542620845351, 23.095786379238064],
              [77.488394557362994, 23.09602624281689],
              [77.488205035134342, 23.09626314582755],
              [77.488036242278838, 23.096411209309906],
              [77.487740114414805, 23.096574080129756],
              [77.487443985651453, 23.096728067446406],
              [77.487085671466616, 23.096846518052416],
              [77.486836923485271, 23.096882052964418],
              [77.486484531336089, 23.096890937366936],
              [77.486149906193248, 23.096876131828083],
              [77.485924849052594, 23.096846518052416],
              [77.485720520385769, 23.096769524394063],
              [77.485471773303743, 23.096656995823764],
              [77.485148993131588, 23.096428977215567],
              [77.484838058829382, 23.096209842110568],
              [77.484633731061876, 23.096100275007757],
              [77.484536008030375, 23.096085468569584],
              [77.484420517992589, 23.096135809919758],
              [77.484148080969192, 23.096310525710237],
              [77.483357418610012, 23.096775447329094],
              [77.483102748593012, 23.09692351081145],
              [77.482916187831847, 23.096962008989578],
              [77.482723704135708, 23.096959046622771],
              [77.482489763491856, 23.096911666740084],
              [77.482261744883658, 23.096796175802922],
              [77.48206037768432, 23.096654034356277],
              [77.481915274770188, 23.09650597087392],
              [77.481844204046808, 23.096381596433559],
              [77.481826436141148, 23.096277951366403],
              [77.481838282011154, 23.09618911453606],
              [77.481864933420013, 23.096100275007757],
              [77.482199557663535, 23.095706425011542],
              [77.482762201414516, 23.095078634371532],
              [77.483413682895218, 23.094362003303843],
              [77.483697965788565, 23.094059952504836],
              [77.483893410052872, 23.093923733993165],
              [77.483985210149399, 23.093903004620017],
              [77.484130313063531, 23.093882276146189],
              [77.484269493042746, 23.093843778867324],
              [77.48439386658373, 23.093769746676514],
              [77.484503434585918, 23.093695715385024],
              [77.484544892432893, 23.093571340944663],
              [77.484485666680257, 23.093414393959165],
              [77.484355370204241, 23.093233755233655],
              [77.484091816684042, 23.092999813690483],
              [77.483875643046531, 23.092872478682011],
              [77.483546940838721, 23.092777718017317],
              [77.483312999295549, 23.092759950111656],
              [77.482851040043499, 23.09279252445549],
              [77.482516414900658, 23.092842865805665],
              [77.482021881304831, 23.092970200814193],
              [77.481628030409354, 23.093103458757639],
              [77.4812519483188, 23.093275213080688],
              [77.481029851746314, 23.093417354527332],
              [77.480831446014463, 23.093615761158503],
              [77.480612311808784, 23.093846740334868],
              [77.480407983141959, 23.093997765284712],
              [77.480082242401636, 23.094172481075191],
              [77.479792036573258, 23.094276126142347],
              [77.479472218767967, 23.094314622521836],
              [77.479199780845249, 23.09431758398938],
              [77.478918458520127, 23.094293894048008],
              [77.478607524217921, 23.09422874536034],
              [77.478189983381071, 23.094045146066662],
              [77.477852397670063, 23.093903004620017],
              [77.477585882682376, 23.093814165991034],
              [77.477206838225072, 23.093740133800168],
              [77.475927565205041, 23.093565419808328],
              [77.475258315818678, 23.093444005936192],
              [77.474769704258506, 23.093369973745325],
              [77.474538724182821, 23.093372935212813],
              [77.474346241386002, 23.093441044468705],
              [77.474038268551283, 23.093621683194158],
              [77.473816171978797, 23.093772708144002],
              [77.473736217752332, 23.093908927554992],
              [77.473709566343473, 23.094042184599175],
              [77.473715488379128, 23.094148791133875],
              [77.473733256284788, 23.094282048178059],
              [77.473745101255474, 23.09448341537734],
              [77.47371252691164, 23.094672937606049],
              [77.473659224093979, 23.094912801184876],
              [77.473599998341285, 23.095137858325529],
              [77.473490431238474, 23.095549478026044],
              [77.473448973391442, 23.095786379238064],
              [77.473478586267788, 23.095892984873387],
              [77.473608882743804, 23.096052895125069],
              [77.473857629825829, 23.096304603674582],
              [77.474133029215977, 23.096520776412774],
              [77.474254441289474, 23.096648112320565],
              [77.474289977100796, 23.096766562926575],
              [77.474287015633308, 23.09687909239625],
              [77.474212983442499, 23.097195949633431],
              [77.474005694207506, 23.097856314617275],
              [77.47387539773149, 23.098208706766457],
              [77.47378655910245, 23.098442649208948],
              [77.473617766246946, 23.098783195488124],
              [77.473434166953325, 23.099043788440156],
              [77.473336444821143, 23.099156317010454],
              [77.473250567659647, 23.09921258129566],
              [77.47314100055678, 23.099245154740174],
              [77.473070433453813, 23.099242492746896],
              [77.472984052671961, 23.099239232704463]
            ]
          ]
        ]
      }
    },
    {
      "type": "Feature",
      "properties": {
        "OBJECTID": 217923,
        "VILLID": 216716,
        "NAME": "Huzur",
        "SUB_DIST": "Huzur",
        "DISTRICT": "Bhopal",
        "STATE_UT": "Madhya Pradesh"
      },
      "geometry": {
        "type": "MultiPolygon",
        "coordinates": [
          [
            [
              [77.250409920381571, 23.134120020122907],
              [77.2489101596762, 23.134249980252434],
              [77.248370159954959, 23.135239980041092],
              [77.250269879751215, 23.141120039857981],
              [77.249210040411072, 23.144319989575934],
              [77.249220120012581, 23.146280009814632],
              [77.248959840024668, 23.147749980477272],
              [77.247629999924641, 23.148739981165249],
              [77.246290080223105, 23.149490040033356],
              [77.244950159622249, 23.149500030601985],
              [77.241229919725072, 23.149929958700682],
              [77.240409839642439, 23.150019960153088],
              [77.239609919662144, 23.150760030251263],
              [77.238809999681791, 23.151989970061095],
              [77.23882008018262, 23.155180020041939],
              [77.238560159923509, 23.156900010327263],
              [77.238169919806012, 23.157819989800714],
              [77.238029880074976, 23.158130040968672],
              [77.236620119922634, 23.159179979672388],
              [77.233759919684587, 23.161300019880059],
              [77.2327000803445, 23.162100029792612],
              [77.232980159806573, 23.166019980337865],
              [77.233520160427133, 23.169210030318709],
              [77.232729960319489, 23.170200031006686],
              [77.228989920048832, 23.172180030584002],
              [77.228729999789721, 23.172370019560788],
              [77.226590160107833, 23.173920000207886],
              [77.225519879638796, 23.174659979474541],
              [77.222630741915282, 23.175443198145103],
              [77.222891062372696, 23.175791300528147],
              [77.223100325619612, 23.176083480368391],
              [77.223278002877578, 23.176233518761933],
              [77.223463576183178, 23.176355919190371],
              [77.223597821582246, 23.176502007761485],
              [77.22365309841183, 23.176608614296185],
              [77.223680737276254, 23.176802085447946],
              [77.223688633323832, 23.176940277971482],
              [77.223700479193838, 23.177058728577492],
              [77.223747859076468, 23.17713374822398],
              [77.22385051668806, 23.177208766971091],
              [77.224051883887398, 23.177248250806201],
              [77.22424140611605, 23.177327218476421],
              [77.224375650615855, 23.177429876087956],
              [77.224486205174287, 23.17757596555839],
              [77.224616501650303, 23.177718107904411],
              [77.224825765796538, 23.177840508332849],
              [77.225145583601886, 23.177982648880175],
              [77.225406176553861, 23.178101099486184],
              [77.225560162971192, 23.178227447938411],
              [77.225686511423419, 23.178334053573792],
              [77.225836549816961, 23.17850778190865],
              [77.225931310481656, 23.178645975331563],
              [77.226041865040088, 23.178807858695791],
              [77.226101090792781, 23.179001329847551],
              [77.22614452265168, 23.179234283035782],
              [77.226262974157009, 23.179688346240255],
              [77.226420908598129, 23.180004216021814],
              [77.22653541207967, 23.180158203338465],
              [77.226602533879884, 23.180288498915161],
              [77.226630172744308, 23.180442486231811],
              [77.226638069691205, 23.180639905407361],
              [77.22657489501546, 23.18103474195982],
              [77.226357734821647, 23.18145721827608],
              [77.2262234903219, 23.181733604222529],
              [77.22615241959852, 23.181954713339394],
              [77.226180057563681, 23.182112647780514],
              [77.226266922180798, 23.182231099285843],
              [77.226330095957223, 23.182250841203427],
              [77.226448547462553, 23.182250841203427],
              [77.226590688909198, 23.182195563474522],
              [77.226681501550104, 23.182120545626731],
              [77.226792056108536, 23.182002094121401],
              [77.226867074855704, 23.181931022498759],
              [77.226934197555238, 23.181883643515391],
              [77.226989128145817, 23.181868399107373],
              [77.22719416188113, 23.181959064259445],
              [77.227447445143525, 23.182154011198691],
              [77.227631331320936, 23.182367507554488],
              [77.227788607458308, 23.18265423480517],
              [77.22782055137742, 23.18284798114945],
              [77.227837599825421, 23.182953878119008],
              [77.227798645690996, 23.183692111801577],
              [77.227787318729838, 23.184073426147734],
              [77.227797174400109, 23.184545211392447],
              [77.227797751764911, 23.184608258364506],
              [77.227823769151655, 23.184667641498493],
              [77.227884133446082, 23.184729238763396],
              [77.227975586404227, 23.184792178716123],
              [77.228140272055953, 23.184881729608207],
              [77.228259318013158, 23.184959050619739],
              [77.228441988307168, 23.185098843936544],
              [77.228578144765606, 23.185229667415285],
              [77.228752445069347, 23.185537148320805],
              [77.228791892032234, 23.185820257598834],
              [77.228790721114933, 23.18588982555508],
              [77.228755734789388, 23.186144715006662],
              [77.228463771685767, 23.186357593528157],
              [77.218350120062041, 23.189190029895997],
              [77.206849919787999, 23.190489990021092],
              [77.204289960013682, 23.191679971153803],
              [77.203640160265252, 23.191980029954493],
              [77.204450159847056, 23.193449999717757],
              [77.208050160386676, 23.196529979874697],
              [77.209210079881359, 23.19764004005583],
              [77.212590119738309, 23.200869959680972],
              [77.213549879823177, 23.201790029985943],
              [77.215690080133129, 23.205149999672813],
              [77.215809959761884, 23.206629960904024],
              [77.215290120142981, 23.207110019911568],
              [77.213430000194421, 23.208290009576331],
              [77.213109960256531, 23.208489990021064],
              [77.210120159617702, 23.209939979546448],
              [77.209260119958628, 23.210579969490027],
              [77.208919919918401, 23.21106003029621],
              [77.208630119684358, 23.212220038823773],
              [77.208519959928253, 23.213340000540654],
              [77.208699960135107, 23.214650041166522],
              [77.209170120304861, 23.216979958858076],
              [77.209750079602543, 23.218509960166557],
              [77.20980983955252, 23.218880040181773],
              [77.209580159896518, 23.219360010156379],
              [77.209179840177512, 23.219520030125352],
              [77.208260039669142, 23.21957996993973],
              [77.206119840258452, 23.218579979582444],
              [77.203320120327362, 23.217039991302613],
              [77.199310080196085, 23.214819959973227],
              [77.193650160026948, 23.212639980850497],
              [77.191570080295037, 23.21233001961474],
              [77.188929839840284, 23.212029959914787],
              [77.185850040447065, 23.212019969346159],
              [77.183520120057551, 23.21200997967685],
              [77.183169840415871, 23.212220038823773],
              [77.182599959820323, 23.213130029527292],
              [77.181670079710443, 23.215750019947507],
              [77.181180120066529, 23.217159959964249],
              [77.179340160220249, 23.220389970420854],
              [77.177689919554211, 23.224670009513375],
              [77.177580120426285, 23.227000019835089],
              [77.177409840092082, 23.229279990978853],
              [77.177360159743614, 23.229860040208735],
              [77.177419919693591, 23.230809989589375],
              [77.177599919900445, 23.231600009832619],
              [77.177720160157321, 23.23186002002393],
              [77.178120120147469, 23.232069990137973],
              [77.17870008034447, 23.232120030215299],
              [77.183719919738564, 23.232619979528465],
              [77.188550039952418, 23.233349970025131],
              [77.189310000356272, 23.233660020293769],
              [77.189600160319173, 23.23423997959145],
              [77.189770080025255, 23.235669989778273],
              [77.189720039947929, 23.237260019934013],
              [77.189900040154782, 23.239420018818862],
              [77.189739840321408, 23.24037995966745],
              [77.18961995979339, 23.241069989688299],
              [77.190090119963145, 23.241269970133089],
              [77.195170079935281, 23.243519969570968],
              [77.20089983965596, 23.245379999587385],
              [77.204189879859143, 23.246890020657986],
              [77.205240000225899, 23.247719999578351],
              [77.2058199604229, 23.24835998952193],
              [77.205930120178948, 23.24888000990461],
              [77.205920039678119, 23.249160001233122],
              [77.205880080101679, 23.249780010039501],
              [77.205129839570475, 23.251320001017291],
              [77.203360079903803, 23.255510039556725],
              [77.202969839786306, 23.257790010700489],
              [77.203029960364461, 23.259529980324373],
              [77.203360079903803, 23.262129990506708],
              [77.20345007955757, 23.262849989535425],
              [77.203860120048546, 23.26454000991356],
              [77.204379959667449, 23.265749969485569],
              [77.20467011963035, 23.266700009697729],
              [77.205020040442548, 23.267700000954335],
              [77.205890159703188, 23.268750030489571],
              [77.20641000022141, 23.269020030350191],
              [77.206640039606214, 23.26912001967321],
              [77.206929839840313, 23.26912001967321],
              [77.20768008037146, 23.26912001967321],
              [77.208369839696388, 23.268999960180054],
              [77.209580159896518, 23.268840031042657],
              [77.210390160377642, 23.268830039574709],
              [77.211489960193546, 23.269040010588071],
              [77.212119959568554, 23.269879980077064],
              [77.212469880380752, 23.271660000108966],
              [77.212590119738309, 23.272260029576728],
              [77.212199879620812, 23.274320040937198],
              [77.212140119670835, 23.274819990250421],
              [77.211910080286032, 23.276909970618703],
              [77.211810000131436, 23.278079969714895],
              [77.210889839894264, 23.279339970263493],
              [77.211179999857166, 23.28012998960736],
              [77.212280160301191, 23.280499979690376],
              [77.213900160364176, 23.282279999722277],
              [77.214939839601982, 23.284130040069329],
              [77.215060079858858, 23.284760040343656],
              [77.214970080205092, 23.285400030287235],
              [77.214890160152834, 23.286089970375883],
              [77.214489840433828, 23.287249979802766],
              [77.212550160161811, 23.290380000936352],
              [77.210820000342778, 23.290659989566905],
              [77.208739919711604, 23.290620029990464],
              [77.204419920143266, 23.29048997992868],
              [77.201660159788617, 23.291399970632199],
              [77.196819959973254, 23.292539999821201],
              [77.194519919558672, 23.293400039480275],
              [77.193889920183722, 23.293299960225056],
              [77.193280080011732, 23.293150019857592],
              [77.191059959649465, 23.292579959397642],
              [77.190279840042649, 23.292240030053392],
              [77.188520159977486, 23.291479979717337],
              [77.187710160395625, 23.29144002014084],
              [77.186509919797004, 23.291810010223855],
              [77.185760039893978, 23.292510029914013],
              [77.18536007990383, 23.29441001950687],
              [77.18446007976894, 23.297689980108544],
              [77.184110159856061, 23.298640019421384],
              [77.183250120196931, 23.299759980238946],
              [77.182390079638537, 23.300659979474517],
              [77.181869880290776, 23.300980020311727],
              [77.181239880016506, 23.301410040141263],
              [77.18049000011348, 23.301680040001884],
              [77.179859999839152, 23.301839970038657],
              [77.179243813151515, 23.301835110102274],
              [77.179534957872079, 23.301964719496254],
              [77.180190490798566, 23.30232402833127],
              [77.18028374689743, 23.30238437014259],
              [77.180563514294818, 23.302543453917338],
              [77.180771968151873, 23.302757393638842],
              [77.180887166809384, 23.302889048990494],
              [77.180942022756199, 23.303026189307218],
              [77.180942022756199, 23.303141387964729],
              [77.180936536891693, 23.303218187369509],
              [77.180815853269053, 23.303382756109386],
              [77.180656769494362, 23.303552810713711],
              [77.18032351761633, 23.304333141661232],
              [77.180279632499094, 23.304437368589731],
              [77.180175405570594, 23.304689708463343],
              [77.180038264354494, 23.304887190591444],
              [77.179895638173207, 23.305090159483314],
              [77.179840781327073, 23.305326041763465],
              [77.179840781327073, 23.305707293157127],
              [77.179862723885662, 23.305811520085626],
              [77.179923066596302, 23.305959632131362],
              [77.180043750218942, 23.306129686735687],
              [77.180158948876453, 23.306206486140468],
              [77.180246719110869, 23.306266827951788],
              [77.18038385942765, 23.306365569015838],
              [77.18050454305029, 23.306469796843714],
              [77.180608770878109, 23.306563052043259],
              [77.180833681429306, 23.306661794006629],
              [77.181242361246007, 23.306654936676011],
              [77.181483729390663, 23.306638479981928],
              [77.181725097535264, 23.306627508252973],
              [77.181895152139589, 23.306605565694326],
              [77.18210909186115, 23.306583623135737],
              [77.182273660601027, 23.306709792622883],
              [77.182454686034987, 23.306814019551439],
              [77.182624741538632, 23.306995046784039],
              [77.182624741538632, 23.307093787848089],
              [77.182602798980042, 23.307247384858954],
              [77.182531485439767, 23.307444867886375],
              [77.182443715205352, 23.307647837677621],
              [77.182443715205352, 23.307828862212261],
              [77.182536971304216, 23.307976974257997],
              [77.182712510873728, 23.308212856538148],
              [77.182831823929575, 23.308493995401591],
              [77.182859252352671, 23.308718906852107],
              [77.182908622435036, 23.308845076339253],
              [77.183012849363593, 23.308965759961893],
              [77.183122562156598, 23.309080959518724],
              [77.183166447273777, 23.309135814566218],
              [77.183188389832367, 23.309218098936185],
              [77.18312393362271, 23.309484152571656],
              [77.183058105946884, 23.30952255182433],
              [77.182909993901148, 23.30956095107706],
              [77.182822223666733, 23.309571922806015],
              [77.182613769809677, 23.30953900851847],
              [77.182438229340846, 23.309495123401291],
              [77.182251718042437, 23.309489638436105],
              [77.182142005249375, 23.30952255182433],
              [77.182037778320876, 23.309566437840886],
              [77.181999379068145, 23.309615808822571],
              [77.181993893203639, 23.309731005681442],
              [77.182004864033331, 23.309796833357211],
              [77.18203229245637, 23.309917517879171],
              [77.182103605996701, 23.310049174130143],
              [77.182328516547841, 23.310328939728834],
              [77.182460171899493, 23.310509966062114],
              [77.182564398827992, 23.310526422756254],
              [77.182690568315138, 23.310509966062114],
              [77.182805766972649, 23.310520936891749],
              [77.182860623818783, 23.310559337043799],
              [77.182975821576974, 23.310608707126164],
              [77.18323638934794, 23.310881618092253],
              [77.183411929816771, 23.311079101119674],
              [77.18351615674527, 23.311216242335774],
              [77.183708153908242, 23.311369839346639],
              [77.183845295124343, 23.31146858041069],
              [77.184031806422809, 23.311726405249431],
              [77.184196375162628, 23.311803204654211],
              [77.184344487208364, 23.311814175483846],
              [77.184476142560015, 23.311775776231116],
              [77.184574884523386, 23.311709948555347],
              [77.184602312047105, 23.311666063438111],
              [77.184761395821795, 23.311298525806365],
              [77.184882079444492, 23.311133957066488],
              [77.184986306372991, 23.311084586084803],
              [77.185112475860137, 23.311084586084803],
              [77.185367558665973, 23.311149042294517],
              [77.185493728153062, 23.311291669375066],
              [77.185608925911254, 23.311461723979448],
              [77.185998406101589, 23.311554979178993],
              [77.186349487039251, 23.311631779483093],
              [77.186481142390846, 23.311681149565459],
              [77.186612796843178, 23.311763433036049],
              [77.186684110383453, 23.311851203270464],
              [77.186727995500632, 23.312070628856475],
              [77.186546969167352, 23.313317239399112],
              [77.186437257273667, 23.313597006796499],
              [77.186437257273667, 23.313948087734104],
              [77.186486627356032, 23.314332082059991],
              [77.186638853800105, 23.314537792984822],
              [77.186775995016205, 23.314647506677147],
              [77.187110618360407, 23.314861445499389],
              [77.187373929063654, 23.314987614986478],
              [77.18790054957077, 23.315075385220894],
              [77.188158374409511, 23.315135727032214],
              [77.188344886607297, 23.315174126284944],
              [77.188421685112758, 23.315212526436994],
              [77.188498483618162, 23.315272868248314],
              [77.188531397905763, 23.31532223833068],
              [77.188569797158493, 23.31548132210537],
              [77.188580768887448, 23.315634920015611],
              [77.188465570229937, 23.315794002890982],
              [77.188273573067022, 23.315865316431257],
              [77.187966377246596, 23.315909201548436],
              [77.187360215301737, 23.315717204385521],
              [77.187266959202873, 23.315684290097977],
              [77.187146274680913, 23.315667833403836],
              [77.186987191805542, 23.315667833403836],
              [77.186828108030795, 23.315667833403836],
              [77.186570283192054, 23.315634920015611],
              [77.186372801063953, 23.315580063169421],
              [77.186252116541993, 23.315547150680516],
              [77.185736466864512, 23.315404523599909],
              [77.185615783241872, 23.315371609312365],
              [77.185560926395681, 23.315388066006506],
              [77.185412814349945, 23.315464865411286],
              [77.18516047537571, 23.315846116804892],
              [77.18513853281712, 23.315917430345166],
              [77.185154989511204, 23.316394679870655],
              [77.185248245610126, 23.317652263041566],
              [77.185297616591811, 23.317723574783201],
              [77.185368929232766, 23.317871687728257],
              [77.185473157060585, 23.318047227297768],
              [77.185720010170371, 23.318354424017514],
              [77.185906521468837, 23.318508021028379],
              [77.186147889613494, 23.31866161983794],
              [77.18645508543392, 23.319029155671046],
              [77.186701938543706, 23.31964491877801],
              [77.186740337796437, 23.319732689012426],
              [77.186767766219475, 23.319891771887796],
              [77.186767766219475, 23.320072798221133],
              [77.186767766219475, 23.320193481843773],
              [77.186745823660885, 23.320325137195368],
              [77.186685481849565, 23.320484220070739],
              [77.186400228587729, 23.320917585378311],
              [77.186180803901038, 23.321098611711591],
              [77.185741952729018, 23.321290608874563],
              [77.185445728637546, 23.321531977019163],
              [77.184860136885845, 23.322147739226807],
              [77.183709525374354, 23.323335378524973],
              [77.183298102625372, 23.323851028202455],
              [77.183160962308648, 23.324169195751836],
              [77.183056734480772, 23.324591589330453],
              [77.183007364398406, 23.325229294096687],
              [77.183078677039362, 23.32587659912582],
              [77.183018335228041, 23.326370306244712],
              [77.182947021687767, 23.326661044471678],
              [77.1823518305726, 23.32746469034322],
              [77.182225661085454, 23.32762377321859],
              [77.181951379552572, 23.327991310850393],
              [77.18135893136963, 23.328369820211094],
              [77.181102477997001, 23.32858650196556],
              [77.18090499496958, 23.328816899280525],
              [77.180455172967925, 23.329178951047822],
              [77.179854495988252, 23.329495746231771],
              [77.179667984689786, 23.329550602178585],
              [77.17944307323927, 23.329627401583366],
              [77.17905907891344, 23.329715172717101],
              [77.178828682497738, 23.329731628511922],
              [77.178197834162745, 23.329857797999011],
              [77.177498416119079, 23.330030596434938],
              [77.177438074307759, 23.330058023958713],
              [77.177268019703376, 23.330145794193072],
              [77.177125392622827, 23.330266477815769],
              [77.177015679829822, 23.330392647302858],
              [77.176922424630277, 23.330529788518959],
              [77.176675570621171, 23.330771155764296],
              [77.176339865392549, 23.330902385736579],
              [77.176190159748103, 23.332249980252413],
              [77.175219960332981, 23.336479980166985],
              [77.174840160445115, 23.34303998950395],
              [77.175950039862528, 23.346989999888649],
              [77.176710000266382, 23.349310019641734],
              [77.176959840024665, 23.349809969854277],
              [77.177869919761065, 23.351679990439266],
              [77.178740039920967, 23.352419969705863],
              [77.179780079786894, 23.352939990088544],
              [77.181050159937001, 23.353039980310882],
              [77.18208012020142, 23.352980039597185],
              [77.183399879800675, 23.352339959721405],
              [77.186099880205347, 23.352800040289651],
              [77.188629960004732, 23.353039980310882],
              [77.191220160382159, 23.352980039597185],
              [77.192669880110941, 23.352699961034432],
              [77.194159920044342, 23.35221998926113],
              [77.195249999987539, 23.351149979488014],
              [77.196239999776253, 23.34941000986413],
              [77.196509999636817, 23.348919960288015],
              [77.196849839948186, 23.347490040033392],
              [77.197359959694438, 23.345430029572242],
              [77.197409999771708, 23.34363003020178],
              [77.197169879886133, 23.341300019880066],
              [77.196700080344499, 23.339469959770895],
              [77.196700080344499, 23.3384599797443],
              [77.197320000117941, 23.335550010124905],
              [77.198299920305146, 23.333540038841761],
              [77.198860080128668, 23.331629969647452],
              [77.199649919608134, 23.327970030192773],
              [77.199940079571093, 23.326329959959708],
              [77.200679879872609, 23.325479999902143],
              [77.201480159581763, 23.324529959689926],
              [77.203439999956117, 23.322670019605766],
              [77.205219840123561, 23.320019970245482],
              [77.205669840191035, 23.318430030021943],
              [77.206010040231206, 23.317900019970011],
              [77.206179959937231, 23.317849979892685],
              [77.206700160184312, 23.31794997011508],
              [77.2070198403934, 23.318100001314065],
              [77.207219999803215, 23.318209979407072],
              [77.208839999866143, 23.318939969903738],
              [77.212980000126947, 23.319549989940128],
              [77.215870080339982, 23.319899999785207],
              [77.216129999699774, 23.319970020100413],
              [77.21741988022336, 23.320310040276183],
              [77.217710040186262, 23.320889999573865],
              [77.21805996009914, 23.322369959905757],
              [77.21805996009914, 23.323689990200933],
              [77.218130160278747, 23.32585997965441],
              [77.218089840074128, 23.328289980198463],
              [77.219189999618834, 23.332239989683842],
              [77.221289879724225, 23.337410040141265],
              [77.22170999981671, 23.338330020514093],
              [77.22298007996676, 23.341100041233972],
              [77.22362015984254, 23.343640019871088],
              [77.223849840397861, 23.344640010228318],
              [77.224489920273641, 23.347060020203799],
              [77.224150079962271, 23.347749960292504],
              [77.224039920206224, 23.34787001978566],
              [77.223009959941749, 23.349020039543234],
              [77.222720159707649, 23.349870000500175],
              [77.222720159707649, 23.351190029896031],
              [77.223009959941749, 23.35250997025895],
              [77.224460040298652, 23.354139959991187],
              [77.228399880250322, 23.357819969615946],
              [77.231109960256504, 23.358439981120284],
              [77.231220120012608, 23.359509989994081],
              [77.231220120012608, 23.359550040402098],
              [77.233079880232367, 23.361020010165362],
              [77.234000039570219, 23.362059960099145],
              [77.234299920305148, 23.363690040662902],
              [77.234469840011172, 23.364909989904163],
              [77.234659919819478, 23.365839959946243],
              [77.234829840424879, 23.366699999605373],
              [77.235120000387781, 23.368290029761113],
              [77.235299999695314, 23.369079960971476],
              [77.235819840213537, 23.37013998017602],
              [77.23640016013934, 23.370929999519888],
              [77.240270159640204, 23.373279990978858],
              [77.243330159559264, 23.37506001011144],
              [77.245959959784386, 23.375009970034114],
              [77.247179999857167, 23.374980000126982],
              [77.249149919832973, 23.375709989724271],
              [77.253009839732385, 23.377329990686576],
              [77.254220159932515, 23.378210009684267],
              [77.254520039768067, 23.378789970780588],
              [77.254520039768067, 23.379260040118822],
              [77.254459920089289, 23.380049969530546],
              [77.254229879805166, 23.380640010228319],
              [77.253599880430215, 23.381219969526001],
              [77.252510160215763, 23.382389969521512],
              [77.251420080272567, 23.383459980194004],
              [77.249689919554214, 23.3842599901065],
              [77.24796984023601, 23.385120029765631],
              [77.246250119747287, 23.386509990443756],
              [77.244810119891156, 23.388049979622906],
              [77.243320079957755, 23.389270019695687],
              [77.241819960422902, 23.389599961169324],
              [77.240040120255401, 23.38972002066248],
              [77.23882008018262, 23.389669979685891],
              [77.236800120129487, 23.389260030026435],
              [77.230770119945134, 23.388720030305194],
              [77.229150119882206, 23.389409969494523],
              [77.228520119607879, 23.390579969490034],
              [77.228520119607879, 23.391430019479856],
              [77.22910007980488, 23.392269989868169],
              [77.233550040402122, 23.394200040199735],
              [77.2343099999066, 23.395609981115797],
              [77.234490000113453, 23.39803997986121],
              [77.234609879742209, 23.398430040114306],
              [77.235130079989233, 23.400050040177291],
              [77.235080039911963, 23.401999979915217],
              [77.235080039911963, 23.402739960081135],
              [77.235149880362769, 23.40348003107863],
              [77.235429959824842, 23.403690000293352],
              [77.235829919814989, 23.403740041269941],
              [77.238950040312147, 23.402979990034567],
              [77.242049999807705, 23.402330009522359],
              [77.244170040015376, 23.401890000023513],
              [77.244800040289704, 23.402099970137556],
              [77.245379999587385, 23.402680020266757],
              [77.246830079944289, 23.403359970686154],
              [77.247749879553339, 23.403830040923708],
              [77.248670039790568, 23.404139999461449],
              [77.250689999843701, 23.404290029761114],
              [77.253519960377901, 23.40415997969933],
              [77.259679919792518, 23.403590010070957],
              [77.262789959788847, 23.403210030318689],
              [77.266419840303456, 23.401970010008029],
              [77.269460039849037, 23.400469979505999],
              [77.270839920026333, 23.400299970767094],
              [77.27146992030066, 23.400450000167439],
              [77.272120079777892, 23.400610020136355],
              [77.272739999551391, 23.401379971108838],
              [77.273390159927999, 23.402189969791323],
              [77.27612004030766, 23.406980039597215],
              [77.278020119832718, 23.409140040280704],
              [77.279109840047113, 23.410749959842803],
              [77.280050160386622, 23.412120030215249],
              [77.286579840087597, 23.421709979631885],
              [77.28890003970514, 23.425070040150274],
              [77.289090120412766, 23.425000019835124],
              [77.295779999947115, 23.425959959784393],
              [77.298930000419261, 23.426949959573051],
              [77.301029879625275, 23.426370000275369],
              [77.304399839880773, 23.425010009504376],
              [77.307760080263563, 23.424820019628271],
              [77.313240000225903, 23.426589960957983],
              [77.31547992006233, 23.427179999857174],
              [77.322939839601986, 23.429150009765181],
              [77.325680160211277, 23.430909959627002],
              [77.327579880007534, 23.431699979870245],
              [77.329059840339426, 23.431509989994083],
              [77.336169839966203, 23.424100019700177],
              [77.340160079723944, 23.421770009378463],
              [77.343360120273417, 23.421599999740238],
              [77.347100159644697, 23.421400020194824],
              [77.349489839984187, 23.421400020194824],
              [77.352360119823743, 23.421410009864132],
              [77.355309959986698, 23.422200030107376],
              [77.356580040136805, 23.423370030102831],
              [77.356180080146657, 23.427469979955674],
              [77.356599839610965, 23.430230010106925],
              [77.356829879895088, 23.431760009616823],
              [77.360010120071024, 23.434309979721831],
              [77.361479999902144, 23.434900020419661],
              [77.363369999825693, 23.434710029644179],
              [77.371340040010921, 23.429070000680042],
              [77.375540159950503, 23.427899999785211],
              [77.376170160224774, 23.427909990353839],
              [77.377010039781567, 23.427909990353839],
              [77.379329879670252, 23.428690020927775],
              [77.381889840343888, 23.433380009679752],
              [77.382969839786313, 23.434250039907454],
              [77.383360079903809, 23.434560000243891],
              [77.384210039961431, 23.434560000243891],
              [77.385890159703138, 23.434170029922996],
              [77.386219920413055, 23.434090019938537],
              [77.392820160022438, 23.432429970366911],
              [77.39682011965283, 23.431470029518323],
              [77.397660000108999, 23.431660020293748],
              [77.398089840074135, 23.432450040536992],
              [77.398319880358258, 23.436350009945045],
              [77.399229960094658, 23.437890000023515],
              [77.399589959608988, 23.438500020059905],
              [77.401280159851581, 23.439089969926215],
              [77.402400119769766, 23.438790000158406],
              [77.402750039682644, 23.438699999605376],
              [77.404640039606193, 23.438320019853109],
              [77.40650988032678, 23.434219980068065],
              [77.406940080020718, 23.433900030062375],
              [77.41047995998224, 23.431239990133463],
              [77.410910159676177, 23.430909959627002],
              [77.414069880020975, 23.430729961218788],
              [77.417430120403765, 23.430729961218788],
              [77.424609959582028, 23.432699970227475],
              [77.433289920093785, 23.433470010232838],
              [77.433649919608172, 23.433499981039347],
              [77.435420039902965, 23.433350039772563],
              [77.446699919765535, 23.432360039983905],
              [77.451130079989241, 23.433540029648725],
              [77.452220159932494, 23.433720029855522],
              [77.458150079962252, 23.434669980135538],
              [77.459760000423728, 23.43492999122617],
              [77.463179999857175, 23.434859970011644],
              [77.464460159608734, 23.434839990673083],
              [77.468600159869538, 23.434759979789305],
              [77.47707996007216, 23.435949960922017],
              [77.479740000001073, 23.435849969800302],
              [77.486360039983936, 23.435610029779127],
              [77.487180120066569, 23.435579969939738],
              [77.493930120178959, 23.43773996972385],
              [77.496350040222239, 23.439419999533413],
              [77.496509880326755, 23.438970000365259],
              [77.494944909779804, 23.435726600802013],
              [77.491833760919405, 23.432339959021931],
              [77.491427208898642, 23.43197944959195],
              [77.491156174817661, 23.431739109372472],
              [77.490444150976828, 23.430849504501055],
              [77.490118214184292, 23.429979493159124],
              [77.490037232032705, 23.429342833405087],
              [77.489876638296266, 23.428377361725893],
              [77.489770077627043, 23.42731455642172],
              [77.489731024567163, 23.426521415530942],
              [77.489805152985468, 23.425618837939055],
              [77.489864803218154, 23.425187577944428],
              [77.490138969637769, 23.422808201137627],
              [77.490024918515246, 23.422190633990624],
              [77.489917354202589, 23.421966141624182],
              [77.489874054544032, 23.421814775831308],
              [77.489811662278441, 23.421630342866081],
              [77.489728305916628, 23.421524148220897],
              [77.489618869215519, 23.421410966742769],
              [77.489445167860254, 23.421224659590393],
              [77.489015780254135, 23.421053700268089],
              [77.48865065640274, 23.420955864821337],
              [77.487772756207789, 23.420882111420383],
              [77.492673719616505, 23.415902998724448],
              [77.492879999812203, 23.415720030754869],
              [77.49606995986079, 23.415239969049367],
              [77.501279879962567, 23.414090041022632],
              [77.502989879679262, 23.41322000989561],
              [77.503849920237712, 23.411469959770898],
              [77.50455011979227, 23.41017999111375],
              [77.506419959613481, 23.40681002995899],
              [77.508320040037859, 23.403709980531232],
              [77.508450000167443, 23.403510000985818],
              [77.508870120259871, 23.403120029765603],
              [77.509829880344739, 23.402829959734902],
              [77.511859919999381, 23.402639969858797],
              [77.512600080029699, 23.403330000778965],
              [77.512650120107025, 23.403459960009172],
              [77.513850000077525, 23.406540030997689],
              [77.515530119819232, 23.411420009625772],
              [77.517330120089014, 23.413760009616794],
              [77.519350080142146, 23.414840009958539],
              [77.525189999618817, 23.415350039772591],
              [77.531669999870644, 23.416540020905302],
              [77.533470000140426, 23.41693997999613],
              [77.537400120219445, 23.416849980342363],
              [77.541760080263543, 23.416090019938508],
              [77.542369920435533, 23.416180019592275],
              [77.544529920219702, 23.416489979029336],
              [77.547070079620539, 23.416790039628665],
              [77.548449959797836, 23.41659995982036],
              [77.549310000356286, 23.416219980068092],
              [77.551120080227577, 23.415640019871091],
              [77.553349919563175, 23.414869979865728],
              [77.55463008021411, 23.414390009891122],
              [77.556340079930806, 23.413030020019448],
              [77.558259959829343, 23.410700009697734],
              [77.558469840011185, 23.409530009702223],
              [77.558060160148329, 23.4065099711583],
              [77.557849920237686, 23.404560029621734],
              [77.557470120349819, 23.402649959528048],
              [77.557229999564868, 23.401440000855416],
              [77.556920040127807, 23.399399969732883],
              [77.556290039853536, 23.398620029990468],
              [77.553740159680672, 23.396849999627818],
              [77.553399959640501, 23.396689979658902],
              [77.550990120098049, 23.395580011208608],
              [77.549820120102538, 23.394789990066045],
              [77.548769999735782, 23.393330009972033],
              [77.547080160121368, 23.390209980306395],
              [77.546559959874287, 23.385449970339891],
              [77.546260080038735, 23.383700010147379],
              [77.546480039822029, 23.381849970699648],
              [77.546909879787165, 23.380489979928655],
              [77.547229919725055, 23.380199999830154],
              [77.548389840119057, 23.379710040186239],
              [77.551379999587368, 23.379049980971899],
              [77.553280080011746, 23.379049980971899],
              [77.555090159883036, 23.378959980418813],
              [77.555409840092125, 23.378570010097917],
              [77.555310119666331, 23.377889969746377],
              [77.554569959636012, 23.376819959973204],
              [77.554299959775392, 23.375359979879192],
              [77.553740159680672, 23.372430030021917],
              [77.553640080425453, 23.370389999798704],
              [77.553749879553379, 23.369409989679355],
              [77.554180080146637, 23.368539960350915],
              [77.554500120084526, 23.366690010835384],
              [77.555149919833013, 23.365909980261449],
              [77.555890079863332, 23.364939960710672],
              [77.5568498399482, 23.36436000051367],
              [77.55738983966944, 23.364170009738189],
              [77.557830119864207, 23.364119968761599],
              [77.55897995975738, 23.363980020761403],
              [77.560679879872623, 23.363890020208316],
              [77.561319959748403, 23.363600041009136],
              [77.561740079840888, 23.36320997985672],
              [77.56355987958483, 23.362540020005952],
              [77.564300039615205, 23.361759990331336],
              [77.56569000029333, 23.361180030134335],
              [77.57331011966636, 23.358230010106922],
              [77.576069880021009, 23.357649959977721],
              [77.577770159865054, 23.357559960323954],
              [77.578629839795326, 23.357079990349348],
              [77.579060040388583, 23.356590029806057],
              [77.579060040388583, 23.35523003993444],
              [77.579169840415886, 23.353869960130623],
              [77.579809920291666, 23.352900029612726],
              [77.580129960229556, 23.352020009715716],
              [77.581310039826519, 23.350370040644918],
              [77.58120995967198, 23.348709990173973],
              [77.580900000234863, 23.347350000302299],
              [77.58038015971664, 23.345209979856747],
              [77.580280079562101, 23.343740010093427],
              [77.580280079562101, 23.343260040118821],
              [77.580600120399311, 23.341899960314947],
              [77.5809201603372, 23.341599989647875],
              [77.581559879584859, 23.341409999771713],
              [77.582090160332712, 23.341220009895608],
              [77.584849919788041, 23.341130011141161],
              [77.58646991985097, 23.341220009895608],
              [77.588579879557869, 23.341339980355883],
              [77.592089880443666, 23.341779989854672],
              [77.594199840150566, 23.34204000004604],
              [77.602700160184327, 23.342949989850183],
              [77.608760040343668, 23.343170040465054],
              [77.613220079643042, 23.343669989778277],
              [77.620640039606201, 23.344180019592272],
              [77.622220080092688, 23.344289999483919],
              [77.623080119751762, 23.344100010507134],
              [77.62435991977452, 23.342249970160026],
              [77.624989920048847, 23.341300019880066],
              [77.626019880313265, 23.339760030700916],
              [77.626169999645811, 23.339529989517473],
              [77.626289880173886, 23.337990000338323],
              [77.625759960054154, 23.337109979541992],
              [77.623650000347311, 23.33349999023244],
              [77.620899959865312, 23.330379959667482],
              [77.620590000428251, 23.329209959671971],
              [77.620799879710717, 23.328430019929499],
              [77.622509880326788, 23.327360010156383],
              [77.623369919985862, 23.325229980279403],
              [77.623850159757126, 23.3237799898547],
              [77.62402008036247, 23.323280039642157],
              [77.62466016023825, 23.32133000997203],
              [77.625200159959491, 23.319780030224251],
              [77.625629999924627, 23.318029980099539],
              [77.625740159680674, 23.317149959303208],
              [77.625740159680674, 23.316659999659294],
              [77.625740159680674, 23.316470010682508],
              [77.625110160305724, 23.316080040361612],
              [77.624470080429944, 23.315879969984678],
              [77.623300080434433, 23.315679990439264],
              [77.620319999668311, 23.315480009994531],
              [77.615979839997692, 23.313220019987966],
              [77.613879959892301, 23.311770029563263],
              [77.613009839732399, 23.311160010426192],
              [77.611420080272524, 23.310579961196311],
              [77.610890160152849, 23.310279989629862],
              [77.609509920246694, 23.310080010084448],
              [77.608450080007231, 23.309690039763552],
              [77.607810000131451, 23.3093899800636],
              [77.606650079737449, 23.308319970290427],
              [77.605700040424608, 23.307540029648692],
              [77.603479920062341, 23.305010040680884],
              [77.600720159707635, 23.301890010115926],
              [77.592170160224782, 23.293770029563291],
              [77.58983988010641, 23.292399960090108],
              [77.587400159689651, 23.290450019452862],
              [77.586459840249461, 23.288789968981916],
              [77.585820120102539, 23.287709969539492],
              [77.58582983997519, 23.28586002092328],
              [77.585850000077471, 23.285430000194424],
              [77.585950080232067, 23.283819990700067],
              [77.586080040361651, 23.283270000410255],
              [77.586270120169956, 23.282549999582841],
              [77.586379920197203, 23.280900029612724],
              [77.586279840042664, 23.279730029617212],
              [77.58586007967898, 23.279049990164992],
              [77.584169880335764, 23.27699997117179],
              [77.580989999888629, 23.273109989634349],
              [77.580789839579495, 23.272329959959734],
              [77.581220040172752, 23.270190030345702],
              [77.583139920071289, 23.269609980216444],
              [77.583769920345617, 23.269220009895605],
              [77.585000040019906, 23.268390030075864],
              [77.585050080097176, 23.268349979667903],
              [77.587719839898739, 23.26446998959841],
              [77.589849959707919, 23.263599960270028],
              [77.591570039925443, 23.260969980180505],
              [77.593169879886091, 23.258449979982629],
              [77.59412999969976, 23.257240019511357],
              [77.59412999969976, 23.256649980612167],
              [77.593709879607331, 23.256160020968252],
              [77.59348991982398, 23.255859960368923],
              [77.593060079858844, 23.255280000171922],
              [77.59171007965648, 23.253429959824814],
              [77.590109879967031, 23.25225995982936],
              [77.587999920260188, 23.250200040199729],
              [77.58704016017532, 23.249130030426613],
              [77.58700991957221, 23.248559969966664],
              [77.586940080020725, 23.247759960953488],
              [77.587160039804075, 23.246790029536271],
              [77.587490160242737, 23.245430040563974],
              [77.588229959644991, 23.243869980315367],
              [77.589090000203385, 23.24250998954443],
              [77.590059839889761, 23.239989990245931],
              [77.591769839606457, 23.237949960022661],
              [77.592089880443666, 23.235710040186234],
              [77.592030119594426, 23.233740030278227],
              [77.591909880236813, 23.229569970178034],
              [77.59193004033915, 23.229090000203371],
              [77.591999879890579, 23.22690002961275],
              [77.592030119594426, 23.226180029684656],
              [77.593089959833833, 23.22599004070787],
              [77.593950000392283, 23.225509979901688],
              [77.594270040330173, 23.224629960004677],
              [77.594379840357419, 23.222690009936059],
              [77.594379840357419, 23.221809990039048],
              [77.593960079993735, 23.221320029495814],
              [77.592800159599733, 23.220829980819019],
              [77.591099879755689, 23.219749980477275],
              [77.589939960261006, 23.217900030062367],
              [77.587520040217726, 23.211659969831771],
              [77.586620040082835, 23.209190009711222],
              [77.585839919576699, 23.207040000495681],
              [77.585209920201692, 23.205320010210357],
              [77.583740040370628, 23.20092999032687],
              [77.583470039610688, 23.200380000037001],
              [77.582270159640188, 23.198010030138846],
              [77.581180079696992, 23.195809979946659],
              [77.580150120331837, 23.193729990147006],
              [77.579629920084813, 23.19363000082393],
              [77.577069960310496, 23.194400039929974],
              [77.575799880160389, 23.194790010250813],
              [77.574939839601996, 23.194690020028474],
              [77.574210119801251, 23.19332003958823],
              [77.573779920107256, 23.192440019691219],
              [77.573789999708765, 23.190589980243431],
              [77.573800080209594, 23.189840010408204],
              [77.573810159811103, 23.188059989476983],
              [77.573170079935323, 23.186600010282291],
              [77.572220039723106, 23.186009969584461],
              [77.572010160440584, 23.18571998948596],
              [77.572109879967059, 23.185130039619708],
              [77.572649879688242, 23.184549989490449],
              [77.573720160157336, 23.184260009391949],
              [77.575839839736886, 23.183880029639681],
              [77.578710119576442, 23.184189989976119],
              [77.580299879935581, 23.184579959397638],
              [77.580830159784114, 23.184389970420852],
              [77.581050119567408, 23.184189989976119],
              [77.58093995981136, 23.183409960301503],
              [77.580640079975751, 23.1811700395657],
              [77.580630000374299, 23.181110009819122],
              [77.580539999821212, 23.180000039570245],
              [77.579690039763591, 23.178150000122457],
              [77.579160119643859, 23.177760029801561],
              [77.576289839804303, 23.177940030008415],
              [77.574489840433841, 23.177349990209905],
              [77.572360080353462, 23.176760040343652],
              [77.569080119751789, 23.176070009423427],
              [77.56683984018656, 23.175770039655674],
              [77.565729959869827, 23.175759960054165],
              [77.564400119769743, 23.175759960054165],
              [77.561870039970415, 23.17556997017806],
              [77.561639999686292, 23.175549989940123],
              [77.559519960377941, 23.174769961164827],
              [77.559199920440051, 23.173890030300697],
              [77.559099840285455, 23.173110000626082],
              [77.559000119859718, 23.171259959379654],
              [77.558910120205951, 23.166970019650762],
              [77.559350039772596, 23.163980040046852],
              [77.560260120408259, 23.163609960031692],
              [77.560300079984756, 23.163589979793755],
              [77.560940159860536, 23.163200010372236],
              [77.561480159581777, 23.162329980144534],
              [77.561489880353747, 23.159889989931116],
              [77.56143012040377, 23.157999990007568],
              [77.556070080070185, 23.155509959716937],
              [77.552809919841991, 23.154000029477857],
              [77.54948999966382, 23.153470020325244],
              [77.546909879787165, 23.153810039601694],
              [77.545810079971261, 23.153810039601694],
              [77.541369840146046, 23.151400020194842],
              [77.537310119666358, 23.150369969998167],
              [77.531780159626749, 23.15000996958446],
              [77.528459879719719, 23.150349989760286],
              [77.526809999681802, 23.151709979631903],
              [77.523689880083964, 23.154609959582046],
              [77.522709959896815, 23.156360009706759],
              [77.521500000324806, 23.158539989728808],
              [77.519130120358852, 23.164689959474117],
              [77.517309959986733, 23.168449979982654],
              [77.516409959851842, 23.172030000284337],
              [77.516390160377682, 23.172540030098332],
              [77.516079840312443, 23.179380030763866],
              [77.515509959716951, 23.180879970434319],
              [77.515170120304845, 23.18177996966989],
              [77.506009920021825, 23.191329960409405],
              [77.504360039983908, 23.194060019754147],
              [77.503269960040654, 23.197300019880061],
              [77.501980080416445, 23.196500009967508],
              [77.498729999789703, 23.195660039579195],
              [77.494690079683494, 23.195510009279531],
              [77.494039920206205, 23.195480040271718],
              [77.491689839714411, 23.194809989589373],
              [77.490240119985629, 23.192459999929099],
              [77.489510039556762, 23.19062004008282],
              [77.488239960305975, 23.190119999938076],
              [77.486357160354714, 23.190390359527498],
              [77.486155560230998, 23.190412950497318],
              [77.486258879743559, 23.190296039530665],
              [77.486397119931212, 23.189919030239082],
              [77.486649119861056, 23.189507010340321],
              [77.484473999775332, 23.189769990092998],
              [77.484237839604646, 23.189582969778257],
              [77.48384111987184, 23.189311980663433],
              [77.483459159812412, 23.189115959933645],
              [77.483321999710597, 23.189097960002925],
              [77.483269080004106, 23.189119021225906],
              [77.483192039581013, 23.189237999733962],
              [77.483054880378461, 23.189407020117926],
              [77.482871999643123, 23.189316030310579],
              [77.481849959707915, 23.18876100111936],
              [77.480826839686983, 23.188255020952511],
              [77.479790040078342, 23.187846959869375],
              [77.479218000210608, 23.187638970062494],
              [77.479049520319165, 23.187559050010179],
              [77.479194959579786, 23.187278970548107],
              [77.479416000348181, 23.187078000849112],
              [77.479697880253013, 23.186908979565828],
              [77.47988111981789, 23.186801970134866],
              [77.480034119678919, 23.186595959735826],
              [77.480071919983175, 23.186448989829046],
              [77.480079840312442, 23.186288970759449],
              [77.480133119747734, 23.186159009730545],
              [77.480232119816549, 23.186102039477589],
              [77.48037683961951, 23.18607098948462],
              [77.480568000412973, 23.186068019923255],
              [77.480666999582411, 23.186028959668818],
              [77.480713079944735, 23.185961010492292],
              [77.480736119676237, 23.185872991145686],
              [77.480721000274002, 23.185799010216215],
              [77.480674919911678, 23.185698029840239],
              [77.480583119815208, 23.185594980124279],
              [77.480034119678919, 23.185376999748769],
              [77.479964999585093, 23.185271969725648],
              [77.479988040215915, 23.185216980679172],
              [77.480057160309741, 23.185155959879694],
              [77.480110080016232, 23.185106009734625],
              [77.480118000345499, 23.185022040035165],
              [77.480094959714677, 23.184930960295617],
              [77.480133119747734, 23.184855540450883],
              [77.480170920051989, 23.184785969796735],
              [77.480170920051989, 23.184708029152262],
              [77.480124839689665, 23.184610020136347],
              [77.480118000345499, 23.184541980128358],
              [77.480147880320487, 23.184492029983232],
              [77.480255160447371, 23.184461969244524],
              [77.480430840311101, 23.184424980128767],
              [77.480475839688324, 23.184374940950818],
              [77.480498880319146, 23.184267029499836],
              [77.48049204007566, 23.184158039761769],
              [77.480537040352203, 23.184066960022221],
              [77.480721000274002, 23.18380703976311],
              [77.480750880248991, 23.18370597035431],
              [77.480721000274002, 23.18343498034011],
              [77.480727839618169, 23.183085959749292],
              [77.480750880248991, 23.182997040181306],
              [77.480804159684283, 23.182901010573232],
              [77.480911080082365, 23.182856010296689],
              [77.481002880178835, 23.182824960303719],
              [77.481064079943394, 23.182745041150781],
              [77.481200880316408, 23.182525979790171],
              [77.481392040210551, 23.182280999968214],
              [77.48162783975306, 23.182055999484817],
              [77.481719999578388, 23.182028009884789],
              [77.481812160303036, 23.182050959684091],
              [77.481925920045228, 23.182035029992676],
              [77.482018079870556, 23.181911010784575],
              [77.482140119670817, 23.181848999831516],
              [77.482284840373154, 23.181759000177749],
              [77.482414080145759, 23.181716971261267],
              [77.482528919973731, 23.181704010231954],
              [77.482643040344101, 23.181650010439682],
              [77.482712160437927, 23.181643979586056],
              [77.482779839817795, 23.181684029994017],
              [77.48283743959621, 23.181800940061407],
              [77.482887119944678, 23.18194800079965],
              [77.482883519958534, 23.18207148041455],
              [77.48294111973695, 23.182180019592295],
              [77.483046960049251, 23.182278029507529],
              [77.483184839608725, 23.182362000106252],
              [77.483306880308362, 23.182383959751974],
              [77.483391119804367, 23.182350031029159],
              [77.483451959840124, 23.182219980068055],
              [77.483566080210494, 23.181910019731674],
              [77.483597040271263, 23.181750989916281],
              [77.483634839676142, 23.181661979516775],
              [77.483733839744957, 23.181641010024634],
              [77.483878920176096, 23.181609960031665],
              [77.483963159672157, 23.181518970224374],
              [77.484076920313669, 23.181395040049097],
              [77.48413092010594, 23.181290010025975],
              [77.484169080138997, 23.181077969672629],
              [77.48416115980973, 23.180910030273708],
              [77.484153959837442, 23.180857019735697],
              [77.48416115980973, 23.180806979658428],
              [77.484200040199767, 23.180777009751239],
              [77.484275999637703, 23.180748029997631],
              [77.484435839742275, 23.180732999628276],
              [77.484642119937917, 23.180699970227522],
              [77.484894119867818, 23.180678999836005],
              [77.485069080273888, 23.180668020912492],
              [77.485335839877166, 23.180671978828798],
              [77.485573080133577, 23.180654969950979],
              [77.485771080271206, 23.180660010651025],
              [77.485893120071466, 23.180651010235977],
              [77.485976999838726, 23.180598989851546],
              [77.486030999630998, 23.180487029652738],
              [77.486122080269865, 23.180351039568848],
              [77.486213880366336, 23.180259959829357],
              [77.486304960105883, 23.180196959622037],
              [77.48637408019971, 23.180186969952729],
              [77.486465159939257, 23.180222969814281],
              [77.486678999836045, 23.180288041160225],
              [77.486861879672063, 23.180327999837345],
              [77.486930999765889, 23.180312970367311],
              [77.486977080128213, 23.180266979937244],
              [77.486983920371699, 23.180183010237783],
              [77.486960879740877, 23.180106959968271],
              [77.48690003970512, 23.180007959899456],
              [77.486884920302884, 23.179934970022884],
              [77.48690003970512, 23.179896989854228],
              [77.486969159798946, 23.179799970092574],
              [77.487167159936519, 23.179643999770803],
              [77.48735796010186, 23.179519979663382],
              [77.487563879669381, 23.179478039779781],
              [77.487793199596524, 23.17944402022539],
              [77.487953039701097, 23.17939398104744],
              [77.488067880428389, 23.179295970232886],
              [77.488135920436434, 23.179158989995415],
              [77.488166879597884, 23.179051980564509],
              [77.488212959960208, 23.179010039781588],
              [77.488341840003955, 23.178947039574268],
              [77.488503119923109, 23.178904019604886],
              [77.488662960027625, 23.17883499034258],
              [77.488814879802931, 23.178722039990191],
              [77.488899120198312, 23.178603959904876],
              [77.488959960234013, 23.17848201003676],
              [77.488976159722029, 23.178395970997315],
              [77.488913879871689, 23.178349979667871],
              [77.488808039559444, 23.178285990206348],
              [77.488707960304168, 23.17822595956045],
              [77.488620840279623, 23.178189959698955],
              [77.488521479582687, 23.178202019607568],
              [77.488380000037012, 23.178265019814887],
              [77.488308000314021, 23.178307500191011],
              [77.488257960236751, 23.178340980152143],
              [77.488189920228706, 23.178337020437198],
              [77.488112879805612, 23.178293011213555],
              [77.488075080400677, 23.178151979530298],
              [77.488067880428389, 23.178016980499308],
              [77.488098120132179, 23.177805030078105],
              [77.488106039562126, 23.177690999639992],
              [77.488090920159891, 23.177604959701171],
              [77.488059960099122, 23.177464019748754],
              [77.488044839797567, 23.17736600983352],
              [77.487999120063421, 23.177232990210371],
              [77.487999120063421, 23.177087999711489],
              [77.487976080331919, 23.176985039927729],
              [77.487877080263104, 23.176754009489969],
              [77.48783099990078, 23.176448999921433],
              [77.487761879806953, 23.17625000963028],
              [77.48762508033326, 23.176038960329834],
              [77.48762508033326, 23.175909000200249],
              [77.487693839798908, 23.175800009562863],
              [77.487838920230047, 23.175573028772305],
              [77.488007040392631, 23.175339029672557],
              [77.488082999830624, 23.175227969695072],
              [77.488112879805612, 23.175116999649845],
              [77.488075080400677, 23.1750310505426],
              [77.487945839728752, 23.174857978712794],
              [77.487823079571513, 23.174819999443457],
              [77.487701039771252, 23.174733959504692],
              [77.487648120064762, 23.174634960335197],
              [77.487586920300203, 23.174538028707104],
              [77.487549119995947, 23.174503020797829],
              [77.487373080403415, 23.17446099008265],
              [77.487189839939219, 23.174368019968199],
              [77.486960879740877, 23.174253000275769],
              [77.486915880363654, 23.174187029607765],
              [77.486923080335941, 23.174036010053896],
              [77.486930999765889, 23.173874009777762],
              [77.486983920371699, 23.173760969493173],
              [77.487053039566206, 23.173620029540757],
              [77.487113879601907, 23.173477020248356],
              [77.487128999903462, 23.173337969771524],
              [77.487105960171959, 23.173182000349072],
              [77.487090839870405, 23.17303502954303],
              [77.487045120136258, 23.17297203023503],
              [77.486946120067444, 23.17293396013423],
              [77.486847119998629, 23.172865020804124],
              [77.486725080198369, 23.172769979550992],
              [77.486603040398052, 23.172659009505708],
              [77.486465159939257, 23.172585029475556],
              [77.48634312013894, 23.172561989744054],
              [77.486129999699756, 23.172553979482643],
              [77.486007959899496, 23.172543990712654],
              [77.485953960107224, 23.172481978860276],
              [77.485908959830681, 23.172336990160034],
              [77.485817159734211, 23.172091020184496],
              [77.485771080271206, 23.17200299993857],
              [77.485686839875825, 23.171902019562594],
              [77.485519080341362, 23.171760989677978],
              [77.485466159735552, 23.171659020047798],
              [77.485397039641725, 23.171549040156151],
              [77.48532899963368, 23.171508990647453],
              [77.48524511986642, 23.17151600985602],
              [77.485146119797662, 23.171577030655499],
              [77.485106879678824, 23.171637510063078],
              [77.485076999703836, 23.171711040432228],
              [77.484962159875806, 23.171801040085995],
              [77.484801960042489, 23.171941980038412],
              [77.484702959973674, 23.171936040016305],
              [77.484588839603305, 23.17188798024614],
              [77.484458880373097, 23.171766029478704],
              [77.484398040337339, 23.171716979555015],
              [77.48434800026007, 23.17170195008498],
              [77.48424503957699, 23.17173399023153],
              [77.484183839812431, 23.171763960138719],
              [77.484107880374438, 23.171763960138719],
              [77.484076920313669, 23.17173399023153],
              [77.484062159740915, 23.171675039671413],
              [77.484039120009413, 23.171582969778285],
              [77.48404704033868, 23.171488021155312],
              [77.484084839743616, 23.171425020048673],
              [77.484153959837442, 23.171318009718448],
              [77.484237839604646, 23.171225039603939],
              [77.484260880235468, 23.171187959656663],
              [77.484237839604646, 23.171146019773062],
              [77.484200040199767, 23.171061961040721],
              [77.484183839812431, 23.170992029758395],
              [77.484221999845488, 23.170917959796043],
              [77.484305879612691, 23.170834980250163],
              [77.484405959767287, 23.170798979489348],
              [77.484444119800344, 23.170740029828551],
              [77.484467160431166, 23.170663979559038],
              [77.484444119800344, 23.170590989682466],
              [77.484444119800344, 23.170527001120263],
              [77.484475800218036, 23.170478490789776],
              [77.48453483981109, 23.170421971097142],
              [77.484626999636362, 23.1703990194992],
              [77.484718080275229, 23.170382999875585],
              [77.484778920310987, 23.170355011174877],
              [77.484848040404813, 23.170256009307423],
              [77.484871080136315, 23.170169970267978],
              [77.484908880440514, 23.170167989960817],
              [77.484970080205073, 23.170150980183621],
              [77.485046039643066, 23.170087979976358],
              [77.485129920309646, 23.169953970199629],
              [77.485222080134974, 23.169905010208083],
              [77.485290839600623, 23.16987197990801],
              [77.485321080203732, 23.169815009654997],
              [77.48532899963368, 23.169752011246374],
              [77.485290839600623, 23.169661019640387],
              [77.485251960109906, 23.169634021093259],
              [77.485168080342703, 23.169618990723905],
              [77.485106879678824, 23.169609000155276],
              [77.485069080273888, 23.169585959524454],
              [77.4850618803016, 23.169544018741533],
              [77.485046039643066, 23.16950000951789],
              [77.485030920240831, 23.169450959594144],
              [77.485001040265843, 23.169399030041234],
              [77.484977999635021, 23.169357000225432],
              [77.484962159875806, 23.169295980325273],
              [77.484939839601964, 23.169242969787263],
              [77.484923999842749, 23.169196980256459],
              [77.484931920172016, 23.169121019919203],
              [77.484954959903519, 23.169067021026251],
              [77.484984839878507, 23.169041009934688],
              [77.485016159668078, 23.169043979496109],
              [77.485069080273888, 23.169067021026251],
              [77.485100040334657, 23.169085020057707],
              [77.485137839739593, 23.169083039750547],
              [77.48517599977265, 23.169051990656897],
              [77.485214159805707, 23.169014009588921],
              [77.48524511986642, 23.168982959595951],
              [77.485302000187232, 23.168966039751012],
              [77.485373999910223, 23.168973960080223],
              [77.485434839945981, 23.169007979634614],
              [77.485474080064819, 23.169009959941775],
              [77.485542120072864, 23.168988989550257],
              [77.485619159596581, 23.168949029973817],
              [77.485679999632339, 23.16887900965861],
              [77.485679999632339, 23.168801970134837],
              [77.485672080202391, 23.168712959735331],
              [77.485618440138978, 23.168665980051003],
              [77.485557959832022, 23.168680021166097],
              [77.485497119796321, 23.168683979981722],
              [77.485420080272547, 23.168647979220907],
              [77.485348079650237, 23.16860999995157],
              [77.48524511986642, 23.168583000505123],
              [77.485168080342703, 23.168586960220068],
              [77.485092479734192, 23.168619000366618],
              [77.485030920240831, 23.168633038783753],
              [77.484939839601964, 23.168600010282319],
              [77.484878999566206, 23.16855797956714],
              [77.484832920103258, 23.168489040237091],
              [77.484801960042489, 23.168402010144689],
              [77.484801960042489, 23.168302559515553],
              [77.484824999773991, 23.168228039892199],
              [77.484855959834761, 23.168160539477356],
              [77.484848040404813, 23.168093489622891],
              [77.484848040404813, 23.168033010215311],
              [77.484885839809692, 23.167926990038609],
              [77.484954959903519, 23.167811970346179],
              [77.485007879610009, 23.16769199988596],
              [77.485016159668078, 23.167490040033385],
              [77.485038839670779, 23.167350989556553],
              [77.485030920240831, 23.167292039895756],
              [77.484970080205073, 23.167209959671936],
              [77.484894119867818, 23.167146961263313],
              [77.484832920103258, 23.167097010218924],
              [77.484778920310987, 23.167035990318766],
              [77.484764159738234, 23.166982980680075],
              [77.484795119799003, 23.166911970211288],
              [77.484900960111304, 23.166845009389704],
              [77.484970080205073, 23.166722969589443],
              [77.484993119936576, 23.166603000927807],
              [77.485022999911564, 23.166442980059514],
              [77.485046039643066, 23.166306989975681],
              [77.48509212000539, 23.16620304003834],
              [77.485146119797662, 23.16615902991532],
              [77.485222080134974, 23.166126000514566],
              [77.485344119935235, 23.166142021037501],
              [77.485755959969651, 23.16624102020694],
              [77.48597015959524, 23.166280979783437],
              [77.486046119932553, 23.166280979783437],
              [77.486122080269865, 23.16624102020694],
              [77.486190839735514, 23.16617199004537],
              [77.486258879743559, 23.166061020000143],
              [77.486403960174698, 23.165841959538852],
              [77.486434920235411, 23.165786969593],
              [77.486442839665358, 23.165732969800786],
              [77.486420159662714, 23.165688959677823],
              [77.486358959898155, 23.165639999686277],
              [77.48634312013894, 23.165554050579033],
              [77.486378039914655, 23.165475029848778],
              [77.486450039637703, 23.165387999756433],
              [77.486519159731472, 23.165262000241171],
              [77.486587920096497, 23.16507299871995],
              [77.486649119861056, 23.164838999620201],
              [77.486663880433809, 23.164725961134252],
              [77.486572080337282, 23.164541010159553],
              [77.486487839941901, 23.164368030060587],
              [77.486400719917356, 23.164182539492629],
              [77.486275080130895, 23.16402098977693],
              [77.486091839666699, 23.163774030547131],
              [77.485930920375722, 23.163726960031227],
              [77.485839839736855, 23.163661979516803],
              [77.485778999701154, 23.163549029164415],
              [77.485778999701154, 23.163441029579928],
              [77.485847039709199, 23.163334021048286],
              [77.485885920099179, 23.163230969533686],
              [77.485916159802969, 23.163172019872889],
              [77.485908959830681, 23.163137010164917],
              [77.485825080063478, 23.162918040535203],
              [77.485778999701154, 23.162681970296717],
              [77.485808879676085, 23.16248900906055],
              [77.485858919753412, 23.162329980144534],
              [77.485992120140281, 23.162220000252887],
              [77.486075999907541, 23.162175990129867],
              [77.486099039639043, 23.162169960175561],
              [77.486327999837386, 23.162136030553427],
              [77.486678999836045, 23.162023979523099],
              [77.486884920302884, 23.161952969953632],
              [77.487014880432469, 23.161862970299865],
              [77.487060959895416, 23.161796999631861],
              [77.487060959895416, 23.161724009755289],
              [77.487006960103201, 23.161664970162292],
              [77.486969159798946, 23.161618979732168],
              [77.486960879740877, 23.161526009617717],
              [77.487000119859715, 23.161417019879593],
              [77.487068159867761, 23.161260959625622],
              [77.487060959895416, 23.161151970786875],
              [77.486954040396711, 23.161068000188095],
              [77.486870159730131, 23.161041000741648],
              [77.486801039636305, 23.160979979942169],
              [77.486771159661373, 23.160815999358931],
              [77.486717159869102, 23.160684960042943],
              [77.486541839734173, 23.160584969820547],
              [77.486411879604589, 23.160465000259592],
              [77.48634312013894, 23.160342959560012],
              [77.486327999837386, 23.160232979668308],
              [77.486335920166653, 23.160062970030083],
              [77.486351039568888, 23.159958029939162],
              [77.48631288043515, 23.159888999777593],
              [77.486285880089326, 23.159768940284437],
              [77.486298840219376, 23.159688390706719],
              [77.486304960105883, 23.159636009694168],
              [77.486327999837386, 23.159512978840951],
              [77.486411879604589, 23.159401019541463],
              [77.486564880364995, 23.159266019611152],
              [77.486663880433809, 23.159142989657312],
              [77.486709959896814, 23.159062979672797],
              [77.486801039636305, 23.159007990626321],
              [77.486915880363654, 23.158941030704057],
              [77.486991839801647, 23.158861019820279],
              [77.487082920440457, 23.158812960050113],
              [77.487128999903462, 23.158752030082155],
              [77.487128999903462, 23.15869704013636],
              [77.487136920232729, 23.158634039929041],
              [77.487090839870405, 23.158590029806078],
              [77.487045120136258, 23.158529009905919],
              [77.487060959895416, 23.158431990144265],
              [77.487076080197028, 23.158327950274725],
              [77.487060959895416, 23.158247040068886],
              [77.487053039566206, 23.158195019684456],
              [77.486969159798946, 23.158031040000537],
              [77.486801039636305, 23.157890010115921],
              [77.486626080129554, 23.157743041108517],
              [77.486609879742218, 23.157660960884698],
              [77.486587920096497, 23.157468989802112],
              [77.486572080337282, 23.15719601948075],
              [77.486609879742218, 23.156999999650338],
              [77.486671080406097, 23.156867970180713],
              [77.486725080198369, 23.156738010950505],
              [77.486748119929871, 23.156632980927384],
              [77.486777999904803, 23.156565029952219],
              [77.48681615993786, 23.156523000136417],
              [77.486876999973617, 23.156448029952685],
              [77.486969159798946, 23.156384039591785],
              [77.487053039566206, 23.156363970321024],
              [77.487152039634964, 23.156379990843959],
              [77.487212879670722, 23.156453970874111],
              [77.487243839731491, 23.156511030159947],
              [77.487288840008034, 23.15656701025938],
              [77.487334920370358, 23.156569979820745],
              [77.487396120134918, 23.156598959574353],
              [77.48742708019563, 23.156634960335225],
              [77.487503039633623, 23.156672040282501],
              [77.487639840006693, 23.156661959781673],
              [77.487731999831965, 23.156651970112364],
              [77.487823079571513, 23.156691030366801],
              [77.487945839728752, 23.156719019966829],
              [77.488067880428389, 23.15670201018969],
              [77.488158960167937, 23.156623979613016],
              [77.488257960236751, 23.156516970182054],
              [77.488395839796226, 23.156366040560385],
              [77.488625159723426, 23.156201970044947],
              [77.488715879734116, 23.156118000345487],
              [77.488784999827942, 23.156088029538978],
              [77.4888458398637, 23.1561109802376],
              [77.488953119990526, 23.156136000276263],
              [77.489029080327839, 23.156154989461243],
              [77.489075159790843, 23.156144999791934],
              [77.489120160067387, 23.156118000345487],
              [77.489211960163914, 23.15606103009253],
              [77.489264879870348, 23.15597697046087],
              [77.489364960024943, 23.155855019693433],
              [77.489409960301487, 23.155644959647248],
              [77.489364960024943, 23.15547000014044],
              [77.489318879662619, 23.155400969978814],
              [77.489250120196971, 23.155369019764521],
              [77.489159039558103, 23.15535497954869],
              [77.489058960302827, 23.155379999587353],
              [77.48896787966396, 23.155439040079671],
              [77.488868879595202, 23.155441019487512],
              [77.4888458398637, 23.155345980033019],
              [77.488837920433753, 23.155122959856783],
              [77.488791840071428, 23.154956999865703],
              [77.488791840071428, 23.154786990227478],
              [77.488814879802931, 23.154714989605111],
              [77.488899120198312, 23.154588990089849],
              [77.488907039628259, 23.154476039737517],
              [77.488930080259081, 23.154387030237331],
              [77.488990920294782, 23.154306030099235],
              [77.488976159722029, 23.154229979829779],
              [77.488891920225967, 23.154100019700195],
              [77.4888458398637, 23.153958989815578],
              [77.488738920364938, 23.153839020254622],
              [77.488655039698358, 23.153669010616397],
              [77.488639920296123, 23.153522039810355],
              [77.488639920296123, 23.153401981216518],
              [77.488707960304168, 23.153274990648356],
              [77.488784999827942, 23.153176979833802],
              [77.488891920225967, 23.153065019634994],
              [77.488979759708229, 23.152951979350405],
              [77.489052120059341, 23.152868999804525],
              [77.489132040111599, 23.152804020189421],
              [77.489204039834647, 23.152784040850861],
              [77.489242920224626, 23.152795019774373],
              [77.489281080257683, 23.15289699030393],
              [77.489372159997231, 23.152989959519061],
              [77.489399160343055, 23.152989959519061],
              [77.48948699982526, 23.152977000288388],
              [77.489539920431014, 23.152924980803277],
              [77.489578079564751, 23.152815000012311],
              [77.489669879661278, 23.152755959519993],
              [77.489837999823862, 23.152663980458385],
              [77.489975159925734, 23.152530960835236],
              [77.490082080323816, 23.152487039745154],
              [77.490158039761809, 23.152479029483686],
              [77.490264960159834, 23.152534020328801],
              [77.490394920289418, 23.152632029344716],
              [77.49049752034432, 23.15273094038065],
              [77.490565920081224, 23.152831019635926],
              [77.490677159923052, 23.152890960349566],
              [77.490707039898041, 23.152903021157556],
              [77.490970560143296, 23.153034058674905],
              [77.491065960225967, 23.153113978727163],
              [77.491172879724672, 23.153150969641558],
              [77.491287000095042, 23.153156011240981],
              [77.491401839923014, 23.153082031210829],
              [77.491843919661221, 23.152687021089207],
              [77.491936080385869, 23.152523040505969],
              [77.491936080385869, 23.152416030175687],
              [77.491936080385869, 23.152205970129444],
              [77.491965960360858, 23.152087979976329],
              [77.491973879790748, 23.152004010276926],
              [77.491936080385869, 23.151930030246774],
              [77.491982159848874, 23.151809969854298],
              [77.492027160125417, 23.151659041131893],
              [77.492019960153073, 23.151419010279142],
              [77.49199692042157, 23.151330990033216],
              [77.491936080385869, 23.151222000295149],
              [77.491928160056602, 23.151104010141978],
              [77.491959120117372, 23.150986019988864],
              [77.492019960153073, 23.150867039682169],
              [77.49214199995339, 23.150718989689665],
              [77.492188080315714, 23.15070297006605],
              [77.492279160055261, 23.150723040236187],
              [77.492378160124019, 23.150763989966208],
              [77.49259884026435, 23.150880989965742],
              [77.49278315991495, 23.150978008828076],
              [77.492859120252263, 23.151031019366087],
              [77.49291996028802, 23.151077009796211],
              [77.493003840055223, 23.151099960494832],
              [77.493102840124038, 23.151090960079785],
              [77.493263039957412, 23.151014009588948],
              [77.493499919585702, 23.150896020335097],
              [77.493674879991772, 23.150724029490391],
              [77.493827879852802, 23.150480039822014],
              [77.493926879921617, 23.150351970067391],
              [77.494002840258929, 23.150303010075902],
              [77.494095000084258, 23.150286000298706],
              [77.494186079823805, 23.150243970482904],
              [77.494277879920276, 23.150156041068499],
              [77.4943239602826, 23.150124000022629],
              [77.494422960351415, 23.150131020130516],
              [77.494568039883177, 23.150159999884124],
              [77.494682160253546, 23.150214990729296],
              [77.494766040020806, 23.150337029630236],
              [77.494812120383131, 23.150427030183323],
              [77.494766040020806, 23.15058102019799],
              [77.494682160253546, 23.150993040096751],
              [77.494682160253546, 23.151088979772624],
              [77.494719959658482, 23.151157019780669],
              [77.494803840325005, 23.151204989618634],
              [77.494925880125322, 23.151233970271562],
              [77.49504900001142, 23.151247020333756],
              [77.495208840115936, 23.151236039611604],
              [77.495604840391138, 23.151088979772624],
              [77.496009840182012, 23.15095298968879],
              [77.496437160246785, 23.150809980396332],
              [77.496750000212387, 23.150696039890363],
              [77.497002000142231, 23.15052998996714],
              [77.497153919917537, 23.150436029699051],
              [77.497322040080121, 23.150388960082466],
              [77.49743687990815, 23.150372040237528],
              [77.497535879976908, 23.150391030321828],
              [77.497779959577542, 23.150550960358601],
              [77.497925040008624, 23.150655989482402],
              [77.498061840381695, 23.150685960288911],
              [77.498359919774543, 23.150685960288911],
              [77.498557919912116, 23.150676960773183],
              [77.498840160445127, 23.150649959528039],
              [77.498978040004602, 23.150594970481563],
              [77.498997840378081, 23.150571390257483],
              [77.499106920048405, 23.150439990313373],
              [77.49517103981168, 23.148239039899806],
              [77.49344591979343, 23.147224020072542],
              [77.491050839924355, 23.145765030132111],
              [77.488480080191607, 23.14421099983781],
              [77.487928560155012, 23.143871249458641],
              [77.48683883994056, 23.143200029657692],
              [77.484749040335998, 23.141886030216199],
              [77.484527999567604, 23.141774970238714],
              [77.484405959767287, 23.141771010523769],
              [77.484206880443253, 23.141862989585377],
              [77.484076920313669, 23.141972970376344],
              [77.483977920244854, 23.142065040269415],
              [77.483886839606043, 23.142077999500145],
              [77.483795040408836, 23.1420290395086],
              [77.483719080071523, 23.141724029940065],
              [77.48360387961543, 23.141195010041713],
              [77.483481839815113, 23.140758961157189],
              [77.483368080072921, 23.140413000059937],
              [77.483275920247593, 23.140215000821684],
              [77.483170079935292, 23.140032030154146],
              [77.483100959841465, 23.13993303098465],
              [77.483025000403529, 23.139863999923705],
              [77.482895040273945, 23.139768960469212],
              [77.482718999782094, 23.139686970177593],
              [77.482619999713279, 23.139608040278858],
              [77.482559159677521, 23.139536039656548],
              [77.482482839611407, 23.139446040002781],
              [77.482346040137713, 23.139223019826545],
              [77.48218511994736, 23.138990009981001],
              [77.482018079870556, 23.138826030297139],
              [77.481826919976413, 23.138702010189661],
              [77.481605880107338, 23.138573040213657],
              [77.481438119673555, 23.138468010190593],
              [77.481322920116725, 23.138326980305919],
              [77.481110160305718, 23.138013959576597],
              [77.481056159614127, 23.137895970322802],
              [77.481033119882625, 23.137813980031183],
              [77.481025919910337, 23.137696980031649],
              [77.481041040211892, 23.137547039664184],
              [77.481048959641839, 23.13735803994166],
              [77.481041040211892, 23.137244999657071],
              [77.481002880178835, 23.137139970533269],
              [77.480926919841522, 23.137045020111657],
              [77.480742959919723, 23.136929999519907],
              [77.480537040352203, 23.136840990019721],
              [77.480178840381257, 23.136743970258067],
              [77.479485120442007, 23.13661401012854],
              [77.479233119612843, 23.136559020182688],
              [77.479152480102925, 23.136559020182688],
              [77.479049880047967, 23.136598979759185],
              [77.478477119823253, 23.136867990365488],
              [77.47810416017893, 23.137009020250161],
              [77.477820839560138, 23.137083000280313],
              [77.477402160181612, 23.137185960064073],
              [77.477226119689703, 23.137229971086356],
              [77.476959000357624, 23.137253009918538],
              [77.476753079890784, 23.137272000002838],
              [77.476555079753211, 23.137314029818697],
              [77.476227120385374, 23.137382970048066],
              [77.476088880197722, 23.137421040148922],
              [77.475936960422416, 23.13743003966465],
              [77.4757771203179, 23.137391969563794],
              [77.475601079826049, 23.137309980171494],
              [77.475409919931906, 23.137180020041967],
              [77.474982959595991, 23.136794999589597],
              [77.474876040097229, 23.136708959650832],
              [77.474761919726859, 23.136658020251502],
              [77.474631959597332, 23.136643980035728],
              [77.474350079692499, 23.136636959927785],
              [77.473991160263893, 23.136624989951372],
              [77.473815840128964, 23.136661979966448],
              [77.473533960224131, 23.136760980035262],
              [77.473221120258529, 23.136892020250571],
              [77.473091160129002, 23.136960959580676],
              [77.472915839994073, 23.137050961033083],
              [77.472794159922614, 23.137092989949565],
              [77.472632880003459, 23.137100010057452],
              [77.472335879797072, 23.137067969910959],
              [77.472000000099968, 23.137028010334461],
              [77.471755919600071, 23.136971040081505],
              [77.471642159857822, 23.136917041188553],
              [77.471565120334105, 23.136842970326882],
              [77.471450999963736, 23.136661979966448],
              [77.471344079565654, 23.136470999936762],
              [77.471251919740382, 23.136341039807178],
              [77.471146080327401, 23.136251040153411],
              [77.471000999896262, 23.136152040084653],
              [77.47077203969792, 23.136085979484392],
              [77.470337159932058, 23.136066000145831],
              [77.469711120272052, 23.136038010545803],
              [77.469414120065665, 23.136004980245673],
              [77.469230879601469, 23.13594198093773],
              [77.469063120067005, 23.135913989539063],
              [77.468993999973179, 23.135915969846167],
              [77.468933159937421, 23.13594099078415],
              [77.468871960172862, 23.135985991060693],
              [77.468673960035289, 23.13612702004599],
              [77.468474879811936, 23.136195960275415],
              [77.468055839805231, 23.136341039807178],
              [77.467690080133139, 23.136510959513203],
              [77.467421879815959, 23.136641009574987],
              [77.467322879747144, 23.136684029544369],
              [77.46707195990308, 23.13673803113528],
              [77.466431159670321, 23.136881039528419],
              [77.46625512007779, 23.136886980449844],
              [77.46614099970742, 23.136849990434769],
              [77.466041999638605, 23.136703019628726],
              [77.465816640325727, 23.136347880050664],
              [77.465743920245757, 23.136201991129042],
              [77.465714040270825, 23.136091021083814],
              [77.465697839883433, 23.135924970261215],
              [77.465683080210056, 23.135731019770787],
              [77.465652120149286, 23.135627970954147],
              [77.465584080141241, 23.135544000355367],
              [77.465332080211397, 23.135342039603472],
              [77.46517908035031, 23.135222970263897],
              [77.465072880309208, 23.13516401880446],
              [77.464934999850414, 23.13511497067941],
              [77.464531080145264, 23.135036039881413],
              [77.464081080077847, 23.134932000011815],
              [77.463782999785678, 23.134881959934546],
              [77.463485999579291, 23.134811040297336],
              [77.462952119744614, 23.134627979697541],
              [77.46270804014398, 23.13455598087387],
              [77.462417880181079, 23.134467959728624],
              [77.462188919982736, 23.134431959867129],
              [77.46162408008729, 23.134402980113464],
              [77.460738839625833, 23.134431959867129],
              [77.460288839558359, 23.134484969505763],
              [77.459778000354504, 23.134589999528885],
              [77.459052959726364, 23.134813018805801],
              [77.458854959588791, 23.134850009720196],
              [77.458542119623189, 23.134869000703873],
              [77.458313160324167, 23.134898970611061],
              [77.457976919998941, 23.134967999873368],
              [77.457726000154821, 23.135034959795632],
              [77.457107879924763, 23.135265000079755],
              [77.456527919727762, 23.135496029618139],
              [77.456283840127185, 23.135567040086869],
              [77.456054879928843, 23.13560096970906],
              [77.455802879998942, 23.135592960346912],
              [77.455604879861369, 23.135591971092651],
              [77.455460160058408, 23.135614020670573],
              [77.455406160266136, 23.135714009993592],
              [77.455406160266136, 23.13592100964695],
              [77.455338120258091, 23.135967000077017],
              [77.455269000164265, 23.136030000284336],
              [77.455269000164265, 23.136152040084653],
              [77.455238040103552, 23.136246000352685],
              [77.455185120397061, 23.136297029684215],
              [77.455024919664368, 23.136398010060191],
              [77.454871919803338, 23.136503040083312],
              [77.454666000235761, 23.13658296013557],
              [77.454497880073177, 23.136599969912709],
              [77.454384120330928, 23.136585029475555],
              [77.454155160132586, 23.136539039944807],
              [77.453957159995014, 23.136539039944807],
              [77.453795880075859, 23.136036030238643],
              [77.453673840275542, 23.135888970399719],
              [77.453544960231795, 23.136222959721863],
              [77.453384040041499, 23.136425010405958],
              [77.453138159998161, 23.136541110184112],
              [77.452697879803395, 23.136683040290109],
              [77.452476839934263, 23.13678896963529],
              [77.45221467047071, 23.135905422597205],
              [77.452000319759009, 23.135168497428253],
              [77.451949819228844, 23.134957217002011],
              [77.451935143192372, 23.13479673388224],
              [77.45196604209923, 23.134681420111519],
              [77.451990759965668, 23.134589170353991],
              [77.45215349678648, 23.133920328360489],
              [77.45220856137604, 23.133745573899148],
              [77.452274329696593, 23.133623124907331],
              [77.45234105399652, 23.133558609342401],
              [77.453251282121016, 23.132929115386389],
              [77.453360015552335, 23.132861571804142],
              [77.453433120542115, 23.132819363922579],
              [77.453474722280646, 23.132756355621382],
              [77.453504039280062, 23.132677695519305],
              [77.45353184721705, 23.132573913755152],
              [77.453565835295137, 23.132447069776504],
              [77.45360565277872, 23.132375343447393],
              [77.453813943858506, 23.1321451448826],
              [77.453962686328964, 23.131980758705083],
              [77.454108770403479, 23.131789195015415],
              [77.454201720732897, 23.131657550455657],
              [77.454263645351034, 23.131534072639397],
              [77.454321247827409, 23.13138059703698],
              [77.454512672122178, 23.130758443347531],
              [77.454581529613961, 23.130624463248409],
              [77.454672972679589, 23.130467695227992],
              [77.454727687432865, 23.130371123328757],
              [77.454791119314734, 23.130272767174517],
              [77.455022722620583, 23.129986840320498],
              [77.455113815849984, 23.12990825576145],
              [77.455329087467476, 23.129735230696383],
              [77.455679241204052, 23.129520072393461],
              [77.45609863644296, 23.12933280476517],
              [77.456373146403621, 23.129138575484944],
              [77.45653274728852, 23.129004190690921],
              [77.456647657263602, 23.128944346204662],
              [77.456750483048438, 23.128914221614082],
              [77.456956868464772, 23.128937661543887],
              [77.457028392446432, 23.128932108230288],
              [77.457110693903473, 23.128917083256852],
              [77.457180709722024, 23.128886406482536],
              [77.457396734971383, 23.128725943147799],
              [77.45769837388093, 23.128353594143107],
              [77.457984085796966, 23.128009935310331],
              [77.458071186935797, 23.127878918477336],
              [77.458103317014547, 23.127805132700757],
              [77.458117735844894, 23.127751320866821],
              [77.458136275368872, 23.127682132424525],
              [77.45816408330586, 23.127578349761109],
              [77.4581836525536, 23.12750531761634],
              [77.458210633114277, 23.127450750351898],
              [77.45824118128553, 23.127413618243963],
              [77.458286539492235, 23.127387430885278],
              [77.457700079894835, 23.126519969121318],
              [77.456720159707686, 23.125159981048341],
              [77.454669959950763, 23.121739979816255],
              [77.452869959680925, 23.119859969562015],
              [77.452269840280962, 23.120019989530931],
              [77.446550160161792, 23.119669978786533],
              [77.441460119688827, 23.119229970187007],
              [77.442469919850964, 23.117609971023398],
              [77.436230040384089, 23.116359961043429],
              [77.431110119936136, 23.116349969575481],
              [77.429559960323957, 23.115159991140729],
              [77.429300040064845, 23.114240009868638],
              [77.427770039655684, 23.108869979865744],
              [77.424760079813893, 23.111919990115496],
              [77.421679919792496, 23.113709999816706],
              [77.418879840132547, 23.115329999879634],
              [77.417960039624177, 23.117210010133931],
              [77.414860080128676, 23.121129959779864],
              [77.410619999713276, 23.122999980364852],
              [77.407250040357155, 23.124419999983047],
              [77.406580079607068, 23.124699989512976],
              [77.402540160400122, 23.128630020559058],
              [77.398610040321159, 23.131819979708325],
              [77.387590079818381, 23.130520019583287],
              [77.376819959973204, 23.130729990596649],
              [77.363669879661302, 23.131109971248236],
              [77.363480159581741, 23.128800030197283],
              [77.359600079580048, 23.122839959496559],
              [77.356950120151964, 23.117750009855115],
              [77.35674995984283, 23.117370030102848],
              [77.356479959982209, 23.114510009729202],
              [77.35770000005499, 23.105240010318255],
              [77.359449960247503, 23.095970010007989],
              [77.359920120417257, 23.091599970362381],
              [77.359939919891474, 23.091450029994917],
              [77.36100983973239, 23.081670000769975],
              [77.361419880223366, 23.079110040096339],
              [77.359299840015638, 23.079850020262256],
              [77.357430000194427, 23.079860009931565],
              [77.352350040222234, 23.079639959316694],
              [77.347789919868944, 23.07967002005546],
              [77.340309840227007, 23.079969988923892],
              [77.333630040294167, 23.080989960418378],
              [77.327210159721176, 23.083239959856314],
              [77.325800039840033, 23.084219969975663],
              [77.321880000261842, 23.086950031119102],
              [77.320550160161815, 23.090149980836998],
              [77.321090159883056, 23.092849980342351],
              [77.322170160224744, 23.095050030534537],
              [77.322980159806605, 23.09775003003989],
              [77.322459959559524, 23.099229990371782],
              [77.320580040136804, 23.099480010893842],
              [77.316329880119952, 23.099509980801031],
              [77.311490040033391, 23.09954004064042],
              [77.297789880398739, 23.100589980243456],
              [77.297580000216897, 23.100609959582016],
              [77.292759959604496, 23.098920030035401],
              [77.288460120138495, 23.095019970695148],
              [77.288259959829361, 23.094929971041381],
              [77.284169999645826, 23.093080019727154],
              [77.278020119832718, 23.092869959680968],
              [77.274539999821172, 23.092649999897617],
              [77.274010079701497, 23.094129960229509],
              [77.274219959883283, 23.095400041278936],
              [77.274280079562061, 23.095839959946261],
              [77.274830159784131, 23.099030009927048],
              [77.275919879998526, 23.103690029671156],
              [77.27645987971971, 23.105649959977711],
              [77.275940040100807, 23.109339960171098],
              [77.273830080393964, 23.116220010345273],
              [77.273409960301478, 23.117640030862788],
              [77.272179839727869, 23.121870029878039],
              [77.271450119927124, 23.124339989998589],
              [77.270119920098296, 23.126069969953221],
              [77.268250080277028, 23.127800039839997],
              [77.266130040069356, 23.129060040388595],
              [77.263340040010917, 23.130729990596649],
              [77.255060040388628, 23.133719970200502],
              [77.250409920381571, 23.134120020122907]
            ]
          ]
        ]
      }
    },
    {
      "type": "Feature",
      "properties": {
        "OBJECTID": 226579,
        "VILLID": 225371,
        "NAME": "Berasia",
        "SUB_DIST": "Berasia",
        "DISTRICT": "Bhopal",
        "STATE_UT": "Madhya Pradesh"
      },
      "geometry": {
        "type": "MultiPolygon",
        "coordinates": [
          [
            [
              [77.242860000288829, 23.614389988806977],
              [77.239180079696951, 23.614640010228356],
              [77.234690160422645, 23.613519959478595],
              [77.233600079580071, 23.613270029788112],
              [77.231829960184598, 23.613779969669906],
              [77.228809919841979, 23.616150031298957],
              [77.227099920125283, 23.618019960153106],
              [77.226069959860808, 23.61915000057212],
              [77.225699879845649, 23.619869999600837],
              [77.224700160184284, 23.621779979762323],
              [77.224010040231235, 23.62253003952975],
              [77.223740040370615, 23.623149960202568],
              [77.223740040370615, 23.623779959577519],
              [77.224410000221383, 23.62526999951092],
              [77.226030000284368, 23.629640040055847],
              [77.226699960135136, 23.630580000666555],
              [77.229820079732974, 23.634890009666265],
              [77.230349999852649, 23.636760031150573],
              [77.230349999852649, 23.637349980117563],
              [77.230349999852649, 23.638259969921705],
              [77.23024991969811, 23.638629960004721],
              [77.229789840029127, 23.640260039669158],
              [77.227999920260174, 23.645359980778551],
              [77.227650000347296, 23.646639960665709],
              [77.227170120304891, 23.648480009544869],
              [77.225919839628943, 23.652230039484778],
              [77.224299839566015, 23.654349989760249],
              [77.22266004002887, 23.654979990933896],
              [77.220069839651444, 23.655979979492486],
              [77.218149959752907, 23.658360030790845],
              [77.216510160215762, 23.660109990983358],
              [77.214589919689104, 23.660610030228781],
              [77.21344007979593, 23.66064000013597],
              [77.210100000414741, 23.660739990358309],
              [77.207919839628971, 23.660610030228781],
              [77.207240159905496, 23.659990020523082],
              [77.206150079962299, 23.658990030165796],
              [77.206020119832715, 23.658650010889346],
              [77.205610080241058, 23.657619959793351],
              [77.204250000437241, 23.656120020122898],
              [77.203709999816681, 23.655120029765612],
              [77.203730159919019, 23.6533699796409],
              [77.203869839921254, 23.651749979577971],
              [77.20400987965229, 23.650630019659729],
              [77.203879920422025, 23.649879959892303],
              [77.203059840339392, 23.649249959617975],
              [77.201560079634021, 23.649499981039355],
              [77.201259840069611, 23.649579990124494],
              [77.199099840285442, 23.650129979514986],
              [77.19336000006399, 23.653880010354271],
              [77.191989839759344, 23.655380039956924],
              [77.191710120026073, 23.658010020945767],
              [77.191520040217711, 23.658679980796535],
              [77.191149960202551, 23.660009999861643],
              [77.189510159766144, 23.663130029527281],
              [77.186760120183465, 23.666499989782778],
              [77.183070119990077, 23.668260029576743],
              [77.181299999695284, 23.668509960166602],
              [77.17898987967925, 23.668260029576743],
              [77.177890079863346, 23.667759990331319],
              [77.177220120012578, 23.66650998035135],
              [77.176609920111787, 23.664689999843688],
              [77.176410120430774, 23.664140009553876],
              [77.175470159820065, 23.662269989868207],
              [77.174240040145776, 23.66277003001295],
              [77.173549920192727, 23.664519990205406],
              [77.172999839970714, 23.666390009891074],
              [77.173379999587382, 23.672390040168295],
              [77.173099920125253, 23.673009959042417],
              [77.171460119688845, 23.673009959042417],
              [77.166029880074973, 23.673310020541066],
              [77.166939959811373, 23.673690001192654],
              [77.168319839988669, 23.674329991136233],
              [77.16985991999934, 23.675640029963461],
              [77.170340159770603, 23.67657000000554],
              [77.170370039745592, 23.677520040217757],
              [77.169880080101677, 23.678960040073832],
              [77.169009959941775, 23.680079999992074],
              [77.168319839988669, 23.680479960881542],
              [77.167140120120507, 23.681259989656837],
              [77.166529920219716, 23.681880001161176],
              [77.16619007990829, 23.68268999894434],
              [77.166240119985616, 23.683509989994093],
              [77.166579960296986, 23.684679990888924],
              [77.167500119634894, 23.686250039008144],
              [77.16944988040774, 23.688090000653062],
              [77.170880160391164, 23.689009980126514],
              [77.172739919711603, 23.690210039961414],
              [77.17469004021325, 23.691300030871787],
              [77.17564008042541, 23.691920039678166],
              [77.176119959568553, 23.692509989544419],
              [77.176940039651186, 23.694389999798716],
              [77.177419919693591, 23.697999990906908],
              [77.177589840298936, 23.69921003951174],
              [77.177639880376262, 23.699289959564055],
              [77.177990160017941, 23.699870009693257],
              [77.1786500402672, 23.700959999704253],
              [77.180469840011142, 23.704010009954061],
              [77.180739839871762, 23.704509960166604],
              [77.181630120134002, 23.706050041076594],
              [77.183330040249189, 23.710910040366116],
              [77.183539920431031, 23.711560019979004],
              [77.183939880421178, 23.712859980104042],
              [77.184839879656749, 23.715540000270835],
              [77.185820159572756, 23.717529990416779],
              [77.186419920143237, 23.720030009477398],
              [77.186469960220563, 23.721219989710789],
              [77.186570040375102, 23.724180000306831],
              [77.186739960081127, 23.725890000023526],
              [77.18691996028798, 23.726400029837578],
              [77.187290040303196, 23.727500010417202],
              [77.188087416101439, 23.730373844377482],
              [77.188929839840284, 23.73341004014128],
              [77.189339880331261, 23.734889999573852],
              [77.189519879638794, 23.735529989517431],
              [77.191859879629817, 23.74254000072051],
              [77.193529919770015, 23.745349980117567],
              [77.19572016015735, 23.748180029684647],
              [77.196759840294476, 23.749489980378314],
              [77.198690160422643, 23.751919980023104],
              [77.202000000099986, 23.756090040123297],
              [77.203310039826533, 23.758610040321173],
              [77.20367004024024, 23.759790029985936],
              [77.204469960220536, 23.762410019506831],
              [77.204469960220536, 23.764049999807696],
              [77.204220119562933, 23.768420040352623],
              [77.204576160261638, 23.770790011150154],
              [77.204760120183437, 23.771960010246346],
              [77.206590000428207, 23.775980040946195],
              [77.208810119891154, 23.7785499894905],
              [77.209239959856347, 23.778710010358736],
              [77.209899840105606, 23.778970019650728],
              [77.211659879899571, 23.779649970070125],
              [77.214800159599747, 23.781329999879631],
              [77.215809959761884, 23.782439970128564],
              [77.216249880227849, 23.783280030449077],
              [77.217120000387752, 23.785000019835081],
              [77.217599880430214, 23.788140029738656],
              [77.217599880430214, 23.790259980014127],
              [77.216969880155887, 23.791979970299451],
              [77.216870159730149, 23.792129999699796],
              [77.216159879674763, 23.793180030134351],
              [77.2152699600407, 23.794180019592261],
              [77.214530159739127, 23.796089999753747],
              [77.214239999776225, 23.797760039894001],
              [77.214229920174716, 23.799419999533427],
              [77.214780000396786, 23.8012100101339],
              [77.214970080205092, 23.801699969777815],
              [77.215020120282361, 23.801810039601719],
              [77.216299920305119, 23.805050039727575],
              [77.217689880083981, 23.80697000955837],
              [77.221170000095469, 23.809400010102422],
              [77.222159999884127, 23.810550029860053],
              [77.222843999950669, 23.811344009818242],
              [77.22325007982738, 23.811830010646531],
              [77.223660120318357, 23.81310999053369],
              [77.223790080447884, 23.813829989562407],
              [77.22353988006148, 23.814860040658402],
              [77.22358992013875, 23.819190029895992],
              [77.224600080029745, 23.824230030291687],
              [77.224719959658444, 23.825009970034159],
              [77.224860000288857, 23.826089969476584],
              [77.224949999942623, 23.826689999843666],
              [77.225230080304016, 23.828740019736188],
              [77.225230080304016, 23.831739990807989],
              [77.225039999596333, 23.832629999474932],
              [77.224460040298652, 23.833420019718176],
              [77.222530079899343, 23.834570039475807],
              [77.21741988022336, 23.837059979834237],
              [77.216609879742236, 23.837450040986653],
              [77.214610080690704, 23.838679979897222],
              [77.217249959618016, 23.841880020446638],
              [77.219229960094651, 23.843269980225443],
              [77.222589839849263, 23.845629959555026],
              [77.224340159770634, 23.846859990196435],
              [77.224619880403225, 23.847630030201799],
              [77.224330080169125, 23.848659989566897],
              [77.223189960148602, 23.853259979564484],
              [77.223020040442577, 23.854750020397148],
              [77.222900159914502, 23.855820030170321],
              [77.221890000023564, 23.863730039709594],
              [77.221869839921226, 23.867189999618859],
              [77.222559959874332, 23.871760020608519],
              [77.223219840123591, 23.876139959991235],
              [77.223359879854627, 23.876679959712419],
              [77.224590000428236, 23.881650029725165],
              [77.226090119963146, 23.890860000288853],
              [77.226500159554803, 23.892389999798695],
              [77.226540120030563, 23.892380010129386],
              [77.226739919711576, 23.892319979483489],
              [77.230339920251197, 23.892020010615056],
              [77.232859920449016, 23.891889959653952],
              [77.235260040118817, 23.891130000149417],
              [77.237330040249219, 23.890480019637266],
              [77.239739879791671, 23.889879990169447],
              [77.240959919864451, 23.889580019502375],
              [77.242499999875179, 23.889830040024378],
              [77.246669880110915, 23.892129989607383],
              [77.248069920390549, 23.892389999798695],
              [77.249750040132312, 23.892000030377176],
              [77.250729960319461, 23.891229991271132],
              [77.251759919684616, 23.890460040298649],
              [77.251880159941493, 23.89035996014411],
              [77.253950160071895, 23.888799989827703],
              [77.257869839921227, 23.887899989692812],
              [77.262189840388885, 23.888279970344399],
              [77.264139959991212, 23.888529989967139],
              [77.264979840447324, 23.88789000002356],
              [77.26539995964049, 23.887040039965939],
              [77.265550079872355, 23.886739981165249],
              [77.266040040415589, 23.886739981165249],
              [77.269460039849037, 23.886739981165249],
              [77.274069839651418, 23.886350009945033],
              [77.277840119625864, 23.886219960782626],
              [77.281189919779024, 23.886729989697301],
              [77.286059999569375, 23.889410009864093],
              [77.290940159860554, 23.891840009508883],
              [77.29136999982569, 23.892139980176012],
              [77.292749880003043, 23.893109999726732],
              [77.293590120187957, 23.893630020109413],
              [77.294850119837236, 23.893109999726732],
              [77.296939920341117, 23.892339960620745],
              [77.297529960139627, 23.892039989953616],
              [77.299179840177544, 23.891190029895995],
              [77.299220160382163, 23.891180040226743],
              [77.300719920188214, 23.890680000082],
              [77.301839880106456, 23.889519989755797],
              [77.305050000257381, 23.88914001000353],
              [77.310780119706806, 23.888490030390642],
              [77.31428004009183, 23.887719989485959],
              [77.315259960278979, 23.886819990250387],
              [77.315829839975208, 23.885160029711642],
              [77.316670080160122, 23.883620039633172],
              [77.317970040285161, 23.882759999974098],
              [77.318210160170793, 23.882599980005125],
              [77.319050039727585, 23.882599980005125],
              [77.319050039727585, 23.882979960656712],
              [77.318340120300377, 23.885540010363229],
              [77.317909919707063, 23.887590031155071],
              [77.317829999654805, 23.889290040303194],
              [77.318190000068512, 23.889210030318679],
              [77.322039840366415, 23.889030030111826],
              [77.323380119796752, 23.889200039750108],
              [77.326700039974924, 23.889809969854298],
              [77.328190079908325, 23.890079969714861],
              [77.328784928381822, 23.890188415363127],
              [77.330109959806862, 23.89042997955994],
              [77.33414016004042, 23.89042997955994],
              [77.340290039853528, 23.890769999735767],
              [77.344530120268871, 23.890769999735767],
              [77.349909960076673, 23.888999970272437],
              [77.354549999582844, 23.88789000002356],
              [77.355290159613219, 23.887719990385278],
              [77.358769919895963, 23.886880019097646],
              [77.363010000311306, 23.886520019583315],
              [77.369159880124414, 23.885990009531383],
              [77.370969959995705, 23.885710020001454],
              [77.373780120156482, 23.885280000171917],
              [77.377430159874052, 23.884399980274907],
              [77.378399999560372, 23.883689970016178],
              [77.378789879949068, 23.882810040950687],
              [77.379379919747578, 23.880169980360336],
              [77.37939000024835, 23.877520020032932],
              [77.379789960238554, 23.874530040429079],
              [77.380769880425703, 23.871179969579998],
              [77.381550000032519, 23.869590030255722],
              [77.383289879724202, 23.866059960099108],
              [77.386010040231213, 23.861130029527317],
              [77.386799879710736, 23.860189979883728],
              [77.388530040429089, 23.858129970321897],
              [77.389909919707065, 23.856720031204532],
              [77.393490119873206, 23.853060000019013],
              [77.393549879823127, 23.853009959941744],
              [77.39856000024389, 23.851070009873126],
              [77.399520120057559, 23.850189990875435],
              [77.401529999609863, 23.848880041081088],
              [77.402109959806864, 23.848000020284758],
              [77.402310120115999, 23.846409990129018],
              [77.402319839988706, 23.844120029315945],
              [77.401569960085624, 23.84147996962497],
              [77.401379880277318, 23.838839999866138],
              [77.40101015999096, 23.837069970402865],
              [77.40043991966661, 23.836190039538735],
              [77.399280000171927, 23.835840029693657],
              [77.397159959964256, 23.837259960278971],
              [77.396190120277879, 23.838669990227913],
              [77.394650040267209, 23.839200001179165],
              [77.391389880039014, 23.838669990227913],
              [77.390820000342785, 23.837609970124049],
              [77.390430119954146, 23.836560029621694],
              [77.390820000342785, 23.835500010417206],
              [77.391590040348149, 23.834970000365274],
              [77.391789840029162, 23.834619989620876],
              [77.391330120089037, 23.833469969863245],
              [77.391219960332933, 23.833209959671933],
              [77.391370079665478, 23.832900000234872],
              [77.391799919630671, 23.831970031092112],
              [77.392770119945112, 23.830739999551383],
              [77.395280039642159, 23.828619961142351],
              [77.396240160355148, 23.828270041229473],
              [77.400280079562094, 23.827740029378901],
              [77.400669959950733, 23.827030020019436],
              [77.401640160265231, 23.825619990969869],
              [77.40317987964778, 23.825790000608094],
              [77.407980119886702, 23.826140010453173],
              [77.408939879971513, 23.826140010453173],
              [77.40933012008901, 23.825439990763016],
              [77.409150119882156, 23.825220030080402],
              [77.408570159685155, 23.824559969966685],
              [77.40741996006318, 23.821239959856314],
              [77.407430039664632, 23.819830018940252],
              [77.408600039660143, 23.816840040235718],
              [77.409579959847349, 23.813600040109804],
              [77.409770039655655, 23.812959960234025],
              [77.409860040208741, 23.81276997035792],
              [77.411909880236863, 23.808200040199722],
              [77.413280039642189, 23.804319960198029],
              [77.415019920233192, 23.801149979488002],
              [77.416179839727874, 23.800089960283515],
              [77.418110159856042, 23.80025996992174],
              [77.419059840339401, 23.801139989818751],
              [77.42212991985997, 23.802020009715704],
              [77.424249960067641, 23.802370019560783],
              [77.42732003958821, 23.802370019560783],
              [77.428090079593574, 23.802020009715704],
              [77.432330160008917, 23.799549959662954],
              [77.433369840146042, 23.798870010142878],
              [77.433639840006663, 23.798699999605333],
              [77.436969839786343, 23.796549989490472],
              [77.437900079625024, 23.796029970906488],
              [77.439859919999378, 23.794959960234053],
              [77.44101984039338, 23.794250039907467],
              [77.44352004021772, 23.793720029855535],
              [77.446209960121621, 23.79389003949376],
              [77.446779839817793, 23.793540029648682],
              [77.447369879616303, 23.792139990268367],
              [77.447379960117132, 23.790719969750853],
              [77.445849959707914, 23.789840039786043],
              [77.445590040348122, 23.789750040132276],
              [77.440659839979674, 23.788079999992078],
              [77.437580039687134, 23.787559979609398],
              [77.436439919666611, 23.786319960198057],
              [77.435679960162076, 23.784910020181314],
              [77.435499959955223, 23.780690009036732],
              [77.435510039556732, 23.77917999066409],
              [77.435520120057561, 23.7785699706277],
              [77.436680039552243, 23.774869979865741],
              [77.438030039754608, 23.773979970299422],
              [77.439960000153917, 23.774159968707636],
              [77.443599960270035, 23.775569999555898],
              [77.443930079809377, 23.775769980899952],
              [77.445330120089011, 23.776620030889774],
              [77.447059920179242, 23.777150040042386],
              [77.448399839880778, 23.776620030889774],
              [77.451789960238557, 23.774550030759372],
              [77.451869880290815, 23.774499989782726],
              [77.456310120116029, 23.770970009558368],
              [77.456310120116029, 23.77069001912912],
              [77.456210039961434, 23.767540019556293],
              [77.456210039961434, 23.767450019902526],
              [77.456229840334913, 23.765010029689165],
              [77.456239919936422, 23.763310019641722],
              [77.456250000437251, 23.760140039831015],
              [77.45721012025092, 23.759610029779083],
              [77.460300000144969, 23.759250030264752],
              [77.464149840442815, 23.757840000315809],
              [77.470700039974929, 23.75624997016007],
              [77.472240119985599, 23.755719960108138],
              [77.475120119697806, 23.755539960800604],
              [77.476650120107024, 23.756419979798295],
              [77.477939999731234, 23.757470010232851],
              [77.478850080366954, 23.758219980068077],
              [77.480195192754024, 23.757166716570737],
              [77.480580149354466, 23.757808536634684],
              [77.480835769055545, 23.758575848996259],
              [77.48131003193248, 23.760238291663882],
              [77.481130933745646, 23.761540785179136],
              [77.481173230660147, 23.762530464809174],
              [77.481379498265312, 23.763116836273014],
              [77.481513142917265, 23.763348315472456],
              [77.481789292342, 23.763673884442255],
              [77.482650930995703, 23.764166809150993],
              [77.483316914044394, 23.764289353470929],
              [77.484321940605128, 23.764502744606034],
              [77.485000027629212, 23.764684436437619],
              [77.486415992204343, 23.765063843321741],
              [77.487608054368252, 23.765383255532868],
              [77.488494784107047, 23.765620853719497],
              [77.489795052699606, 23.766192881896018],
              [77.494048224545963, 23.769942596173905],
              [77.494540004417729, 23.770297990260076],
              [77.495304189836531, 23.771201572394716],
              [77.496101443327007, 23.772086061022947],
              [77.496948985107622, 23.773095836004074],
              [77.497515000416968, 23.773410000671049],
              [77.498445289718404, 23.774083779043224],
              [77.499077633625973, 23.774281771986239],
              [77.499683166944635, 23.774471372455935],
              [77.500550804076397, 23.774675901671571],
              [77.501387244625676, 23.774788214404623],
              [77.502030893011352, 23.774681152813002],
              [77.502954937420498, 23.774257882395432],
              [77.506679553418735, 23.772411712730388],
              [77.507283646023495, 23.771930666267281],
              [77.508405232815278, 23.770665839956621],
              [77.509709013260419, 23.768303771501905],
              [77.510547937737215, 23.765068538682158],
              [77.510605464670505, 23.764958165786766],
              [77.510708290455284, 23.764783060589821],
              [77.510828928212504, 23.7646197167266],
              [77.5109974215938, 23.764434254037667],
              [77.511178956044034, 23.764252285214866],
              [77.511318685508968, 23.764122009423261],
              [77.511562268683804, 23.76404751318222],
              [77.512405038661655, 23.763956245484394],
              [77.512937798840426, 23.76387305279917],
              [77.513294827894072, 23.763817302026894],
              [77.513427101979232, 23.763740933397401],
              [77.513576845395164, 23.763599364818901],
              [77.513869813940801, 23.763314479379744],
              [77.515266985383107, 23.761936566019756],
              [77.515487468571848, 23.761784263133279],
              [77.515850113891702, 23.76153376057465],
              [77.515942331273607, 23.761502563992167],
              [77.516138058824424, 23.761450186576894],
              [77.516367197088528, 23.761455678736638],
              [77.518723248179413, 23.762066015334369],
              [77.520500725827901, 23.762633135910562],
              [77.521594007357635, 23.762856197455619],
              [77.522823490311907, 23.763080813928468],
              [77.524413701231367, 23.763353170012863],
              [77.524628052842445, 23.763361687491908],
              [77.524803283944436, 23.76335972337256],
              [77.525128602003463, 23.763293151957441],
              [77.526006156858728, 23.76301990554424],
              [77.526877104394885, 23.762638314206868],
              [77.527051181666764, 23.762510254344818],
              [77.527235741436357, 23.762343073074419],
              [77.527307713280379, 23.762152711778299],
              [77.527291087513731, 23.761875717890121],
              [77.527087285849632, 23.761045419710399],
              [77.527139761290982, 23.760432294314967],
              [77.527238874674367, 23.76008847900016],
              [77.527315619220531, 23.759906384272256],
              [77.527434510494345, 23.759749559594525],
              [77.527572024929043, 23.759653632509185],
              [77.527933563183467, 23.759477966135307],
              [77.528840822645918, 23.759273820930161],
              [77.528988693673341, 23.759243561441281],
              [77.529103497528467, 23.759232393660113],
              [77.529230873006441, 23.759252547467156],
              [77.529756315401698, 23.759456234018046],
              [77.530588374453998, 23.759955223754616],
              [77.530765570574658, 23.760128491636635],
              [77.530857193504744, 23.760229910881719],
              [77.530990622319393, 23.760286228226903],
              [77.53126527437297, 23.760402149939296],
              [77.531495692372346, 23.760428948836989],
              [77.531730540432136, 23.76038705391943],
              [77.532770441802484, 23.760159926539416],
              [77.533669183785833, 23.760170132945348],
              [77.535746061031944, 23.75989241780087],
              [77.536046703492616, 23.759735376386573],
              [77.536290411673235, 23.759556091140723],
              [77.536496279080097, 23.759387631034372],
              [77.536854916121513, 23.759092389901923],
              [77.537432365411405, 23.758438237434746],
              [77.537795775154962, 23.758151261971193],
              [77.5379890700396, 23.757951481175951],
              [77.538246880489226, 23.757615246246644],
              [77.538504690938794, 23.757279011317394],
              [77.538923789401395, 23.756601643750912],
              [77.5392546598747, 23.756163566895168],
              [77.539385312482239, 23.755988930244996],
              [77.539565099549748, 23.755813481507005],
              [77.539762699489074, 23.755649794102794],
              [77.540202945509577, 23.755467265901643],
              [77.540466088938899, 23.755398010909516],
              [77.540803979520092, 23.755362761082608],
              [77.541070959457272, 23.755357428102855],
              [77.54122790914073, 23.75537153037186],
              [77.541907617642494, 23.755651492022764],
              [77.542846781453875, 23.756217608955524],
              [77.543704713102102, 23.756901723236012],
              [77.544455423978718, 23.757438308231372],
              [77.544610501273667, 23.757563719590053],
              [77.544962459050282, 23.757762849276105],
              [77.545172380600945, 23.757840062369041],
              [77.545294514830061, 23.757879775531251],
              [77.545398836187417, 23.757907728259113],
              [77.545672336209407, 23.757904142662085],
              [77.546210752224511, 23.757801205361375],
              [77.547044544270364, 23.757584363527599],
              [77.547609140449538, 23.757407202480465],
              [77.54856968204524, 23.75691422381243],
              [77.54960750148507, 23.756248900866126],
              [77.550011654114599, 23.756070678618983],
              [77.55029563663436, 23.756027972512982],
              [77.550561337735587, 23.756001330996696],
              [77.550779183212796, 23.755996809205442],
              [77.550998307525902, 23.75601359415208],
              [77.551171323597771, 23.756045976940356],
              [77.551468688928935, 23.756083726882537],
              [77.552259858505749, 23.756237196189716],
              [77.552503315775482, 23.756267488953483],
              [77.552820241361133, 23.756310480144577],
              [77.552987673542361, 23.756285461005291],
              [77.553247323105552, 23.75622924708216],
              [77.553892375332907, 23.756038702324304],
              [77.554144225075959, 23.755959433381179],
              [77.554309567232792, 23.755863973043972],
              [77.55441622952543, 23.755752788960081],
              [77.554602819964202, 23.755301237562094],
              [77.557669920030833, 23.756290019668711],
              [77.558929919680111, 23.757120000387772],
              [77.561079839862771, 23.758530030336658],
              [77.562140039831036, 23.76030995953704],
              [77.562069839651429, 23.762279970344423],
              [77.561790119918157, 23.763940020815369],
              [77.561849879868134, 23.76511001991156],
              [77.562060119778778, 23.765485049795245],
              [77.56268003955222, 23.765679990439253],
              [77.562849960157564, 23.765730029617202],
              [77.569959959784399, 23.76638001012941],
              [77.56998983975933, 23.76638001012941],
              [77.572609920111802, 23.766509970258994],
              [77.572940039651144, 23.766450030444616],
              [77.57335008014212, 23.766270031137083],
              [77.574769919895971, 23.764120020122903],
              [77.579269919671106, 23.759409960301468],
              [77.579570160134836, 23.759100000864407],
              [77.583399840330401, 23.756220000252881],
              [77.586429960274529, 23.754580020851336],
              [77.588579879557869, 23.753249999987588],
              [77.590810080420908, 23.751890010115915],
              [77.592819959973212, 23.750730000689032],
              [77.594299920305161, 23.750360009706753],
              [77.59833984041137, 23.749149960202544],
              [77.602640039606172, 23.748249959168334],
              [77.605589879769184, 23.748080041260948],
              [77.607540000270831, 23.747650019632772],
              [77.60901995970346, 23.747229990371807],
              [77.609120039857999, 23.747149981286668],
              [77.609419919693607, 23.746920030035426],
              [77.610099960045204, 23.746249980252458],
              [77.610099960045204, 23.745760019709166],
              [77.610110039646656, 23.745079981156266],
              [77.609120039857999, 23.741829989562405],
              [77.608130040069341, 23.738660009751698],
              [77.607069840101076, 23.735230019749679],
              [77.606480160031424, 23.732890019758656],
              [77.606079840312418, 23.732640000135973],
              [77.605610039871522, 23.732640000135973],
              [77.603320079957768, 23.732690041112562],
              [77.602389840119088, 23.732929980234474],
              [77.602119840258467, 23.732929980234474],
              [77.601980160256232, 23.732690041112562],
              [77.601920039678134, 23.73182000998554],
              [77.601729959869829, 23.729789970330899],
              [77.60139984033043, 23.7279500095853],
              [77.600879999812207, 23.72702003954322],
              [77.600739960081171, 23.726529989967105],
              [77.600940120390305, 23.726220029630724],
              [77.601279959802355, 23.726099971036888],
              [77.601679919792502, 23.726220029630724],
              [77.602820039813025, 23.726719979843267],
              [77.603550120241891, 23.726690009936078],
              [77.604159960413881, 23.726670029698141],
              [77.606120159617717, 23.726240009868604],
              [77.612299920305134, 23.724520019583281],
              [77.613850079917313, 23.724410040590953],
              [77.615259840069598, 23.72423003948478],
              [77.616200160409107, 23.723990009531349],
              [77.616330119639372, 23.723309970079129],
              [77.616269999960593, 23.722319970290471],
              [77.61575016034169, 23.718809970303937],
              [77.615470079980241, 23.718079978907951],
              [77.615160119643861, 23.717269981124787],
              [77.61457007984535, 23.713959958885027],
              [77.614482850103514, 23.713543864158055],
              [77.615070496806027, 23.71320329269787],
              [77.616004049747175, 23.712657002218918],
              [77.617886150025868, 23.711046479211689],
              [77.618024564681946, 23.710944654372327],
              [77.618380398536601, 23.710688085886488],
              [77.618658922171562, 23.7105126731214],
              [77.619430410085442, 23.710571218087296],
              [77.621681982437622, 23.711163588928514],
              [77.621977000538209, 23.711168552286892],
              [77.622287150631564, 23.711047917227631],
              [77.622713350141055, 23.710736116878365],
              [77.623271184317787, 23.710209544035251],
              [77.624185306506774, 23.709528393920266],
              [77.625241940663102, 23.709041190698429],
              [77.626519407844455, 23.708568530413402],
              [77.627245677845792, 23.70851766745642],
              [77.627368825610858, 23.708509042958042],
              [77.628357567247974, 23.708551714889779],
              [77.62884143578367, 23.7086813665519],
              [77.629177795718761, 23.708808537883783],
              [77.629486993430078, 23.709002518051818],
              [77.629618749505767, 23.709167473500145],
              [77.62966918618406, 23.709393988441889],
              [77.629677494121097, 23.709674040924313],
              [77.629701221833955, 23.710069355916119],
              [77.629714160380274, 23.710332127026106],
              [77.629747315686132, 23.710554011358568],
              [77.629828137758409, 23.71090905920579],
              [77.63043001803095, 23.711748051131678],
              [77.631164084255147, 23.712741179661748],
              [77.631974387807816, 23.713588038856983],
              [77.632672685296257, 23.714136321334195],
              [77.63293065942247, 23.714279532974103],
              [77.633176604216942, 23.714363955032525],
              [77.633438754794781, 23.714387894086087],
              [77.63368594065372, 23.714398561844177],
              [77.633903194376956, 23.714382687910756],
              [77.63466996085009, 23.714360009706752],
              [77.634853383876646, 23.714176630746977],
              [77.635208081887527, 23.71382201907096],
              [77.635685463613299, 23.71297185037065],
              [77.636107202485448, 23.712482074188415],
              [77.63643371034749, 23.712149472520196],
              [77.63663108006034, 23.711896748636093],
              [77.636793887028318, 23.711634762634219],
              [77.636923827372812, 23.711391753226906],
              [77.6370307819451, 23.711096280968661],
              [77.637160452492935, 23.709368109550667],
              [77.637303375450472, 23.708869274497488],
              [77.637423766793461, 23.708419967807345],
              [77.637537046297723, 23.708135451090243],
              [77.637660661710242, 23.70788148704105],
              [77.63781821753679, 23.707673660011437],
              [77.638044898853082, 23.707484354519408],
              [77.638325117710053, 23.707337177768579],
              [77.638580489198262, 23.707248170067032],
              [77.638945251522216, 23.707234777363112],
              [77.639504337555195, 23.707347540656542],
              [77.639625304464289, 23.70737995312237],
              [77.639830361581971, 23.707444159320573],
              [77.640062414548822, 23.707580424596983],
              [77.640867754743169, 23.708722302792069],
              [77.641795882973668, 23.710326432518912],
              [77.642330099154833, 23.711719793533689],
              [77.642527878059184, 23.712087658518669],
              [77.642836909395896, 23.712420506601177],
              [77.643455747284975, 23.71291971487301],
              [77.643584734348053, 23.712991320692936],
              [77.643705081624262, 23.713060610758646],
              [77.643972937501132, 23.713132382953177],
              [77.644209166919552, 23.713149375643241],
              [77.645179098336769, 23.713020311238438],
              [77.646205733807619, 23.713047271114704],
              [77.647309919617157, 23.711580000216884],
              [77.647389839669415, 23.708629980189471],
              [77.64726996004066, 23.706410039691605],
              [77.647020120282377, 23.702349959483115],
              [77.646959999704279, 23.701120020572546],
              [77.647100040334635, 23.700259980014096],
              [77.647849920237661, 23.697489959294217],
              [77.648410080061183, 23.69460995958201],
              [77.648150159802071, 23.693499990232397],
              [77.648119920098281, 23.69340998967931],
              [77.647830119864182, 23.692529969782356],
              [77.647749840083122, 23.692269959590988],
              [77.646679920242207, 23.690609999951562],
              [77.644619999713257, 23.688070019515862],
              [77.644360080353465, 23.686350030129859],
              [77.643159839754844, 23.684010031038156],
              [77.641639919846455, 23.680179990214413],
              [77.641400159689681, 23.679659969831789],
              [77.640980039597196, 23.678769960265527],
              [77.63712011969784, 23.672240009868631],
              [77.636440080245563, 23.671459980193958],
              [77.632909920156749, 23.667419970155549],
              [77.631649919608151, 23.664519990205406],
              [77.631000119859721, 23.660829990012076],
              [77.630490000113468, 23.657939999731241],
              [77.630169960175579, 23.657850000077474],
              [77.629610160080858, 23.657689981007877],
              [77.628269879751201, 23.657499990232395],
              [77.624849880317754, 23.657300009787662],
              [77.622900120444285, 23.657540039741093],
              [77.621349959932786, 23.657959979969178],
              [77.62065012010703, 23.658319980382828],
              [77.620280040091814, 23.65850997025899],
              [77.618670119630394, 23.65850997025899],
              [77.616389879589349, 23.657879969085343],
              [77.613569999555864, 23.657499990232395],
              [77.612540040190765, 23.657550030309721],
              [77.612180039777058, 23.657570010547602],
              [77.611219919963389, 23.657609970124099],
              [77.609599919900461, 23.658589981142768],
              [77.60905992017922, 23.659080029819563],
              [77.60778984002917, 23.659139969633941],
              [77.606449920327634, 23.658519959928242],
              [77.603770080025242, 23.657210010133895],
              [77.601570119765256, 23.656589999528933],
              [77.600229840334919, 23.656529969782355],
              [77.598079920152259, 23.65644995979784],
              [77.595720119787757, 23.656310009099684],
              [77.594730119999099, 23.656249980252426],
              [77.592380040406624, 23.655619980877475],
              [77.589770039655662, 23.654870010142929],
              [77.589299880385227, 23.654009969584479],
              [77.588840160445102, 23.651790029985932],
              [77.588380079876856, 23.650620029091101],
              [77.58765000034731, 23.649759991230667],
              [77.585770080025213, 23.648949989850223],
              [77.584970160044918, 23.648640029513786],
              [77.582699999605381, 23.648740020635501],
              [77.582549880272836, 23.648750010304809],
              [77.581069919940887, 23.648370029653222],
              [77.578319880358265, 23.647869989508479],
              [77.574170160224753, 23.646560039714132],
              [77.573170079935323, 23.645449979532998],
              [77.57272007986785, 23.645179980571697],
              [77.570889839894278, 23.644079999992073],
              [77.569760160103385, 23.641980029954482],
              [77.569700040424607, 23.640630029752117],
              [77.569980119886679, 23.640319979483536],
              [77.570719920188196, 23.639959979969149],
              [77.571730080079192, 23.638319999668283],
              [77.571939960261034, 23.636960009796667],
              [77.571780120156461, 23.63535000030231],
              [77.571749879553352, 23.635109970348879],
              [77.571749879553352, 23.63498999988866],
              [77.570690040213265, 23.632959960234018],
              [77.57021988004351, 23.631540030548024],
              [77.570169839966184, 23.629570019740697],
              [77.570110080016264, 23.628150000122446],
              [77.570120159617716, 23.626189979883691],
              [77.570120159617716, 23.626119960467861],
              [77.569920000207901, 23.625320038688869],
              [77.568850080366985, 23.62494996047235],
              [77.567640119895657, 23.624640000135969],
              [77.567379839907744, 23.624080021076168],
              [77.567379839907744, 23.623530029887036],
              [77.567379839907744, 23.623399979825251],
              [77.567379839907744, 23.622849989535439],
              [77.567669999870645, 23.621310001255608],
              [77.567500080164621, 23.620220010345236],
              [77.567019840393357, 23.619850020262277],
              [77.566020119832729, 23.618989979703827],
              [77.565629879715232, 23.61762998983221],
              [77.565510000086476, 23.615229960094609],
              [77.565520079687985, 23.6130100195968],
              [77.565669840191049, 23.611349970025174],
              [77.565470039610716, 23.609850030354664],
              [77.565070079620511, 23.609600009832661],
              [77.562780119706815, 23.610030030561518],
              [77.561099999965109, 23.611310010448676],
              [77.559680160211258, 23.611859999839169],
              [77.559149880362725, 23.611979971198764],
              [77.558479919612637, 23.611969979730816],
              [77.558280119931624, 23.611599990547177],
              [77.558140080200587, 23.611229999564898],
              [77.558199840150564, 23.610590009621319],
              [77.558220000252845, 23.610439980220974],
              [77.558820119652864, 23.609580029594724],
              [77.559639840006696, 23.607729990146993],
              [77.560189920228709, 23.606139959991197],
              [77.560589880218856, 23.605219980517745],
              [77.560940159860536, 23.603979960207027],
              [77.56080984000215, 23.602979969849798],
              [77.560620119922646, 23.601069988788993],
              [77.560549919743039, 23.600609999951587],
              [77.560419959613512, 23.599649970969438],
              [77.559090120412804, 23.597980019862064],
              [77.557960079993734, 23.595890040393101],
              [77.557029840155053, 23.593850010169888],
              [77.554239840096614, 23.589099990772013],
              [77.552300159824597, 23.587430039664639],
              [77.551530119819233, 23.587370009918061],
              [77.550689879634319, 23.587299989602911],
              [77.547080160121368, 23.588880030089342],
              [77.546390040168262, 23.58918998952646],
              [77.545720080317494, 23.58918998952646],
              [77.542980120336324, 23.586959970326404],
              [77.541310080196126, 23.585110020810873],
              [77.536460159608737, 23.581269990317821],
              [77.534939879971546, 23.580240030952723],
              [77.534449920327631, 23.579909999546885],
              [77.533520040217752, 23.579540011262566],
              [77.532440039876008, 23.579409960301462],
              [77.530089960283476, 23.579340029918512],
              [77.52902004044256, 23.578959960234045],
              [77.526759959604533, 23.576000039570204],
              [77.525420039902997, 23.574580019952009],
              [77.524589880218855, 23.574380041305915],
              [77.52387995989227, 23.574200040199742],
              [77.522870159730132, 23.574750029590234],
              [77.52076991989594, 23.57633996981383],
              [77.519909880236867, 23.576429970366917],
              [77.51922983988527, 23.576499988883427],
              [77.518490039583696, 23.576579999767205],
              [77.516349840173064, 23.576139990268359],
              [77.515719839898736, 23.5757700001854],
              [77.513939999731235, 23.574709980081593],
              [77.509599840060616, 23.571250020172329],
              [77.506739999551371, 23.567730029617223],
              [77.505540119580928, 23.56624998115177],
              [77.505549840352899, 23.565079981156259],
              [77.505680160211284, 23.564159999884112],
              [77.506030080124162, 23.563479959532572],
              [77.508519839718872, 23.560669980135515],
              [77.508690120053075, 23.559949981106797],
              [77.509080000441713, 23.558270040330171],
              [77.509630079764406, 23.555259990556181],
              [77.5103500796925, 23.554150020307247],
              [77.511120119697807, 23.552990009981045],
              [77.512340159770588, 23.550779970119549],
              [77.512410000221394, 23.549059978934906],
              [77.512020119832698, 23.548869989958121],
              [77.510340000090991, 23.548989960418396],
              [77.509000080389455, 23.549039999596346],
              [77.508150120331834, 23.548879979627429],
              [77.506649999897661, 23.5485999900975],
              [77.50580003984004, 23.547639960216031],
              [77.505450119927161, 23.547240001125203],
              [77.504709959896786, 23.545209959671979],
              [77.505260040118799, 23.538320010660016],
              [77.505360120273394, 23.537040030772857],
              [77.50519992044002, 23.530210019776632],
              [77.505170039565712, 23.528050019093143],
              [77.50515995996426, 23.526579960296999],
              [77.505969960445384, 23.524620030889764],
              [77.506380000037041, 23.523699959685416],
              [77.508529920219701, 23.522849999627852],
              [77.510750039682648, 23.522670001219637],
              [77.512089960283504, 23.522740019736148],
              [77.512899959865308, 23.522319989575919],
              [77.513050080097173, 23.520529979874709],
              [77.512989960418395, 23.519050019542817],
              [77.512790159838062, 23.51775996005415],
              [77.513060159698682, 23.517209969764338],
              [77.513339880331273, 23.516589960058639],
              [77.514599879980551, 23.515839990223412],
              [77.5152899999336, 23.515430039664636],
              [77.516370000275344, 23.514759989881668],
              [77.51743992011626, 23.513840009508897],
              [77.51802995991477, 23.509269990317875],
              [77.517969840235992, 23.508039959676466],
              [77.518040040415599, 23.506990020972751],
              [77.517979919837501, 23.505419970155572],
              [77.517169920255697, 23.50522998027941],
              [77.516110080016233, 23.504540041090081],
              [77.515260119958612, 23.503660020293751],
              [77.514729840110078, 23.502099960045143],
              [77.51465999965933, 23.501960010246307],
              [77.514209999591856, 23.501130030426623],
              [77.513259960279015, 23.498499960404899],
              [77.512629960004688, 23.495859989746805],
              [77.511579839637932, 23.49332999987962],
              [77.51072987958031, 23.491860031015676],
              [77.509569960085628, 23.49079002034324],
              [77.509249920147738, 23.490199979645411],
              [77.508299879935578, 23.4893199597484],
              [77.508150120331834, 23.489219970425324],
              [77.506710119576439, 23.488250039907484],
              [77.504910120205921, 23.487069960310464],
              [77.503010039781543, 23.485899960314953],
              [77.502689999843653, 23.48531000954938],
              [77.502369959905764, 23.484140009553869],
              [77.502369959905764, 23.483930041238466],
              [77.502380040406592, 23.481899999785185],
              [77.502819959973237, 23.480250029815068],
              [77.503460039849017, 23.479569990362791],
              [77.50451988008848, 23.47830998981425],
              [77.504640120345357, 23.475500009517873],
              [77.504230079854381, 23.47316000952685],
              [77.503070160359698, 23.471700030332158],
              [77.502539879611788, 23.470530030336704],
              [77.502330000329323, 23.467699979870247],
              [77.502239999776236, 23.464490039583723],
              [77.501720160157333, 23.462250029815095],
              [77.500659960189068, 23.460389999798679],
              [77.499609839822313, 23.459219999803224],
              [77.498660160238273, 23.457850020262299],
              [77.498250119747297, 23.455610009594295],
              [77.498250119747297, 23.454359999614326],
              [77.498250119747297, 23.452499969597966],
              [77.498049960337482, 23.450259960728658],
              [77.497099920125265, 23.44928003964219],
              [77.495510159766127, 23.447320021202074],
              [77.495479920062337, 23.446970009558356],
              [77.495209920201717, 23.44472001012042],
              [77.495330159559273, 23.443579980032098],
              [77.49542016011236, 23.442679979897207],
              [77.495540039741115, 23.441599979555463],
              [77.496350040222239, 23.439419999533413],
              [77.493930120178959, 23.43773996972385],
              [77.487180120066569, 23.435579969939738],
              [77.486360039983936, 23.435610029779127],
              [77.479740000001073, 23.435849969800302],
              [77.47707996007216, 23.435949960922017],
              [77.468600159869538, 23.434759979789305],
              [77.464460159608734, 23.434839990673083],
              [77.463179999857175, 23.434859970011644],
              [77.459760000423728, 23.43492999122617],
              [77.458150079962252, 23.434669980135538],
              [77.452220159932494, 23.433720029855522],
              [77.451130079989241, 23.433540029648725],
              [77.446699919765535, 23.432360039983905],
              [77.435420039902965, 23.433350039772563],
              [77.433649919608172, 23.433499981039347],
              [77.433289920093785, 23.433470010232838],
              [77.424609959582028, 23.432699970227475],
              [77.417430120403765, 23.430729961218788],
              [77.414069880020975, 23.430729961218788],
              [77.410910159676177, 23.430909959627002],
              [77.41047995998224, 23.431239990133463],
              [77.406940080020718, 23.433900030062375],
              [77.40650988032678, 23.434219980068065],
              [77.404640039606193, 23.438320019853109],
              [77.402750039682644, 23.438699999605376],
              [77.402400119769766, 23.438790000158406],
              [77.401280159851581, 23.439089969926215],
              [77.399589959608988, 23.438500020059905],
              [77.399229960094658, 23.437890000023515],
              [77.398319880358258, 23.436350009945045],
              [77.398089840074135, 23.432450040536992],
              [77.397660000108999, 23.431660020293748],
              [77.39682011965283, 23.431470029518323],
              [77.392820160022438, 23.432429970366911],
              [77.386219920413055, 23.434090019938537],
              [77.385890159703138, 23.434170029922996],
              [77.384210039961431, 23.434560000243891],
              [77.383360079903809, 23.434560000243891],
              [77.382969839786313, 23.434250039907454],
              [77.381889840343888, 23.433380009679752],
              [77.379329879670252, 23.428690020927775],
              [77.377010039781567, 23.427909990353839],
              [77.376170160224774, 23.427909990353839],
              [77.375540159950503, 23.427899999785211],
              [77.371340040010921, 23.429070000680042],
              [77.363369999825693, 23.434710029644179],
              [77.361479999902144, 23.434900020419661],
              [77.360010120071024, 23.434309979721831],
              [77.356829879895088, 23.431760009616823],
              [77.356599839610965, 23.430230010106925],
              [77.356180080146657, 23.427469979955674],
              [77.356580040136805, 23.423370030102831],
              [77.355309959986698, 23.422200030107376],
              [77.352360119823743, 23.421410009864132],
              [77.349489839984187, 23.421400020194824],
              [77.347100159644697, 23.421400020194824],
              [77.343360120273417, 23.421599999740238],
              [77.340160079723944, 23.421770009378463],
              [77.336169839966203, 23.424100019700177],
              [77.329059840339426, 23.431509989994083],
              [77.327579880007534, 23.431699979870245],
              [77.325680160211277, 23.430909959627002],
              [77.322939839601986, 23.429150009765181],
              [77.31547992006233, 23.427179999857174],
              [77.313240000225903, 23.426589960957983],
              [77.307760080263563, 23.424820019628271],
              [77.304399839880773, 23.425010009504376],
              [77.301029879625275, 23.426370000275369],
              [77.298930000419261, 23.426949959573051],
              [77.295779999947115, 23.425959959784393],
              [77.289090120412766, 23.425000019835124],
              [77.28890003970514, 23.425070040150274],
              [77.289419880223363, 23.4258200099855],
              [77.290059960099143, 23.427440010947805],
              [77.289890040393118, 23.428819980157982],
              [77.289029999834668, 23.429780010039508],
              [77.285980080416437, 23.431750019947515],
              [77.285059920179208, 23.432920020842346],
              [77.284550160161814, 23.434880040181781],
              [77.284559880034465, 23.436119969660922],
              [77.284559880034465, 23.436410039691623],
              [77.284680120291398, 23.437890000023515],
              [77.285869919761069, 23.441139989818737],
              [77.286080159671712, 23.441689981007869],
              [77.28712992030961, 23.445590040348122],
              [77.287600079580045, 23.447649959977696],
              [77.287899960314974, 23.449920029585769],
              [77.288600159869532, 23.451820020077889],
              [77.289329879670277, 23.453150040941694],
              [77.289760080263534, 23.453929978885469],
              [77.29229987993557, 23.456179981021364],
              [77.292709920426546, 23.457189960148582],
              [77.29415999988413, 23.459130000149457],
              [77.294840040235727, 23.461090020388156],
              [77.295440159635689, 23.462820000342788],
              [77.295520079688004, 23.463860040208715],
              [77.295560040163764, 23.464559969966672],
              [77.296140000360765, 23.466249990344807],
              [77.298000120309382, 23.468190031245001],
              [77.289649919608166, 23.470469999690806],
              [77.285390039718607, 23.471229960094661],
              [77.285270160089851, 23.471610029779129],
              [77.285400120219435, 23.476049999807685],
              [77.285540159950472, 23.481430019479888],
              [77.285549879823179, 23.483590020163376],
              [77.285930040339167, 23.484840030143346],
              [77.285959920314156, 23.484909959626975],
              [77.287360745701903, 23.486481536593715],
              [77.287929840289962, 23.487119999488414],
              [77.289260040118791, 23.489280000171902],
              [77.289789960238522, 23.491079999542421],
              [77.290530120268897, 23.492289960013693],
              [77.292730079629507, 23.493750030039905],
              [77.295560040163764, 23.495679989539951],
              [77.296780080236545, 23.496890039943423],
              [77.297709960346424, 23.498900010327247],
              [77.297799960000191, 23.500130040069337],
              [77.297889959653958, 23.501330010871357],
              [77.297900040154786, 23.505080039911945],
              [77.297850000077517, 23.506880040181784],
              [77.297720039947933, 23.507029979649872],
              [77.297280120381288, 23.507469990048037],
              [77.296319999668299, 23.508070019515856],
              [77.294909879787156, 23.508510029914021],
              [77.294120040307689, 23.50882997991971],
              [77.293820159572761, 23.508939959811357],
              [77.292290160062919, 23.50949004003337],
              [77.291610119711322, 23.509870020684957],
              [77.291200080119665, 23.51036996999818],
              [77.291189999618837, 23.511240000225882],
              [77.291319959748421, 23.512869989958119],
              [77.292650159577249, 23.520860010381227],
              [77.291619839583973, 23.524610040321136],
              [77.290570079845338, 23.528459969651919],
              [77.290959960234034, 23.530460040298692],
              [77.291409960301507, 23.530820039813023],
              [77.292050040177287, 23.531329979694874],
              [77.293410119981104, 23.532579990574163],
              [77.293810079971252, 23.534199989737772],
              [77.293940040100836, 23.535819989800757],
              [77.293789919868971, 23.537449979532994],
              [77.293239839646958, 23.538449969890223],
              [77.29228007956209, 23.539320000117982],
              [77.2910499598878, 23.541069960310494],
              [77.2910499598878, 23.541949980207448],
              [77.291179920017328, 23.542949969665415],
              [77.290899839655935, 23.544450000167444],
              [77.290210080331008, 23.545569960085629],
              [77.288159879674765, 23.547200039750066],
              [77.286380040406584, 23.548820039813052],
              [77.285549879823179, 23.551070040150307],
              [77.285400120219435, 23.552109990983354],
              [77.285130120358815, 23.553950039862514],
              [77.285260079589079, 23.556570031182048],
              [77.285930040339167, 23.558820029720664],
              [77.288810040051374, 23.561710020001499],
              [77.289040080335496, 23.561939970353421],
              [77.292429840065097, 23.564930038990155],
              [77.293850040447069, 23.566860001188161],
              [77.294879999812224, 23.568280019907036],
              [77.296359960144116, 23.570150039592704],
              [77.297709960346424, 23.573269981124781],
              [77.298109920336628, 23.574770009828114],
              [77.297699879845652, 23.575269960040657],
              [77.296330080169128, 23.576149979937668],
              [77.292690120053066, 23.578180019592253],
              [77.28649992003534, 23.581649970070089],
              [77.284180080146655, 23.582279971243736],
              [77.2813101600359, 23.582279971243736],
              [77.2773598798546, 23.58216000078346],
              [77.276540160400145, 23.582410019506824],
              [77.276270159640205, 23.583159990241427],
              [77.275839959946268, 23.586280019907065],
              [77.275410119981132, 23.590899990142475],
              [77.275410119981132, 23.592899969957671],
              [77.275400040379623, 23.593899960314957],
              [77.275400040379623, 23.594529959689964],
              [77.275730159919021, 23.595350039772541],
              [77.27580000036977, 23.595519959478622],
              [77.276540160400145, 23.596100009607824],
              [77.277700079894828, 23.597019989980595],
              [77.279190119828229, 23.598520019583304],
              [77.279330159559265, 23.599520009940534],
              [77.27918004022672, 23.60052000029782],
              [77.277949919653111, 23.601519989755786],
              [77.276859839709914, 23.602390020882808],
              [77.273859960368952, 23.603020020257759],
              [77.270169960175565, 23.603020020257759],
              [77.269219919963405, 23.603149980387343],
              [77.26785012028688, 23.603400000010026],
              [77.265270000410226, 23.604149969845309],
              [77.261439959586539, 23.606749980027587],
              [77.261379839907761, 23.606780039866976],
              [77.259660120318358, 23.607629999924598],
              [77.257100159644722, 23.609490029940957],
              [77.25499991981053, 23.611010039781547],
              [77.25467987987264, 23.611149989580383],
              [77.252690160422617, 23.612010031038153],
              [77.24682000034278, 23.613890039493754],
              [77.242860000288829, 23.614389988806977]
            ]
          ]
        ]
      }
    }
  ]
}
